"縣市別","村里","納稅單位(戶)","綜合所得總額","平均數","中位數","第一分位數","第三分位數","標準差","變異係數"
"新北市新莊區","海山里","1824","1376775","755","457","221","908","898.85","119.08"
"新北市新莊區","全安里","1421","1193282","840","474","249","976","1278.42","152.24"
"新北市新莊區","文衡里","727","649654","894","550","267","1109","1083.20","121.22"
"新北市新莊區","興漢里","1063","844342","794","511","257","965","1042.33","131.23"
"新北市新莊區","榮和里","1175","1222429","1040","551","266","1264","1494.27","143.63"
"新北市新莊區","文德里","585","521653","892","553","256","1123","1144.45","128.34"
"新北市新莊區","文明里","541","463102","856","474","230","981","1246.14","145.58"
"新北市新莊區","中港里","2030","1688683","832","542","264","1024","981.35","117.97"
"新北市新莊區","頭前里","4524","6483275","1433","842","358","1837","1845.98","128.81"
"新北市新莊區","丹鳳里","2877","2157093","750","490","248","946","841.02","112.17"
"新北市新莊區","西盛里","4782","3942720","824","549","275","1030","963.27","116.83"
"新北市新莊區","瓊林里","1483","994536","671","445","220","805","808.18","120.51"
"新北市新莊區","營盤里","616","431683","701","467","236","943","718.35","102.51"
"新北市新莊區","後港里","2470","1660851","672","444","238","835","783.86","116.57"
"新北市新莊區","國泰里","460","318346","692","423","212","849","900.07","130.06"
"新北市新莊區","立人里","701","752111","1073","598","289","1317","1476.15","137.58"
"新北市新莊區","恆安里","1417","1129314","797","497","253","1044","887.00","111.30"
"新北市新莊區","思源里","1729","1287954","745","491","233","911","857.35","115.09"
"新北市新莊區","化成里","1485","1557048","1049","562","261","1276","1542.40","147.10"
"新北市新莊區","福基里","2486","3152252","1268","745","346","1606","1526.19","120.36"
"新北市新莊區","思賢里","1362","1090406","801","501","253","982","981.28","122.57"
"新北市新莊區","中美里","1974","1627687","825","514","255","1032","996.10","120.80"
"新北市新莊區","中和里","1418","1070865","755","438","228","892","1107.55","146.66"
"新北市新莊區","中泰里","1268","812479","641","444","221","839","677.06","105.67"
"新北市新莊區","立言里","1635","1310300","801","484","238","951","1328.45","165.77"
"新北市新莊區","立功里","1049","629732","600","396","210","802","628.61","104.71"
"新北市新莊區","立德里","859","710383","827","499","240","1040","1012.14","122.39"
"新北市新莊區","豐年里","1109","705263","636","415","215","786","740.50","116.44"
"新北市新莊區","忠孝里","1863","1678119","901","551","274","1095","1135.15","126.02"
"新北市新莊區","立志里","1173","781139","666","453","222","849","718.18","107.85"
"新北市新莊區","中誠里","610","444159","728","458","235","841","997.43","136.99"
"新北市新莊區","自立里","1573","1117350","710","447","229","850","951.93","134.01"
"新北市新莊區","自強里","654","354403","542","383","185","687","617.13","113.88"
"新北市新莊區","幸福里","1176","735369","625","433","218","767","724.34","115.84"
"新北市新莊區","仁愛里","726","438198","604","416","214","738","721.33","119.51"
"新北市新莊區","信義里","1635","1149557","703","448","230","872","817.31","116.25"
"新北市新莊區","龍鳳里","3807","3546600","932","605","290","1240","1048.13","112.51"
"新北市新莊區","民安里","1931","1357190","703","477","238","851","841.21","119.69"
"新北市新莊區","光華里","2219","1454118","655","451","236","831","784.98","119.79"
"新北市新莊區","富國里","678","422623","623","436","227","769","684.80","109.86"
"新北市新莊區","裕民里","1997","1393184","698","421","210","779","1551.13","222.34"
"新北市新莊區","南港里","1722","1141757","663","439","233","799","812.58","122.55"
"新北市新莊區","萬安里","1159","716556","618","452","251","794","607.14","98.20"
"新北市新莊區","八德里","926","546762","590","408","213","746","657.47","111.35"
"新北市新莊區","民本里","824","464820","564","407","205","696","617.08","109.39"
"新北市新莊區","光榮里","1349","909297","674","454","232","839","795.99","118.09"
"新北市新莊區","光明里","1543","1046129","678","458","240","856","707.38","104.34"
"新北市新莊區","合鳳里","1325","767156","579","392","191","716","654.13","112.98"
"新北市新莊區","雙鳳里","4153","4031901","971","596","285","1243","1287.76","132.64"
"新北市新莊區","和平里","1528","1008731","660","445","231","814","740.61","112.19"
"新北市新莊區","自信里","781","611957","784","466","216","880","1168.11","149.08"
"新北市新莊區","全泰里","1652","1406916","852","540","270","1085","980.20","115.09"
"新北市新莊區","立泰里","1698","1436485","846","515","263","1037","1001.77","118.41"
"新北市新莊區","立基里","2101","1892240","901","546","271","1102","1273.12","141.36"
"新北市新莊區","中宏里","1238","936586","757","507","258","940","899.05","118.84"
"新北市新莊區","中全里","1013","636049","628","420","201","783","845.62","134.68"
"新北市新莊區","中華里","983","877660","893","565","260","1183","1036.39","116.08"
"新北市新莊區","中隆里","2001","2138489","1069","606","285","1292","1440.60","134.80"
"新北市新莊區","中原里","5432","6042560","1112","635","291","1357","1528.21","137.38"
"新北市新莊區","中信里","2783","2260036","812","516","265","1012","937.15","115.40"
"新北市新莊區","仁義里","1076","682265","634","397","208","769","763.87","120.47"
"新北市新莊區","建福里","833","495100","594","440","217","767","624.26","105.03"
"新北市新莊區","四維里","1305","772529","592","413","219","737","648.03","109.47"
"新北市新莊區","文聖里","1243","1127931","907","592","272","1118","1126.14","124.10"
"新北市新莊區","福營里","842","651111","773","471","244","885","1127.51","145.81"
"新北市新莊區","後德里","1061","854153","805","535","274","978","1012.78","125.80"
"新北市新莊區","建安里","2308","1689515","732","481","241","919","810.00","110.65"
"新北市新莊區","龍安里","701","417265","595","420","203","733","730.32","122.69"
"新北市新莊區","昌平里","3908","4900669","1254","758","334","1623","1530.71","122.07"
"新北市新莊區","昌明里","1136","825248","726","455","237","909","836.34","115.13"
"新北市新莊區","成德里","1508","955362","634","427","215","823","698.44","110.25"
"新北市新莊區","福興里","2145","1617500","754","472","227","885","1002.00","132.88"
"新北市新莊區","昌信里","1322","1196545","905","552","264","1127","1130.92","124.95"
"新北市新莊區","昌隆里","1588","1344973","847","527","259","1062","976.60","115.31"
"新北市新莊區","中平里","3479","3298458","948","589","283","1212","1101.46","116.17"
"新北市新莊區","立廷里","4464","4795702","1074","691","336","1426","1258.13","117.11"
"新北市新莊區","泰豐里","820","593901","724","468","232","915","803.43","110.93"
"新北市新莊區","富民里","1294","832701","644","438","230","799","699.98","108.78"
"新北市新莊區","龍福里","762","490426","644","452","226","866","631.68","98.15"
"新北市新莊區","祥鳳里","778","496109","638","438","234","810","671.71","105.34"
"新北市新莊區","民全里","1275","838062","657","433","227","832","710.69","108.12"
"新北市新莊區","民有里","1342","874721","652","425","231","827","722.30","110.82"
"新北市新莊區","光正里","1405","1049498","747","461","243","851","1382.30","185.05"
"新北市新莊區","光和里","837","485616","580","396","219","733","648.91","111.84"
"新北市新莊區","其他","3","875","292","235","205","350","153.37","52.59"
"新北市新莊區","合計","136758","114814547","840","510","252","1021","1109.70","132.18"
"新北市林口區","東林里","1172","805108","687","425","244","761","900.87","131.14"
"新北市林口區","林口里","1783","1333898","748","439","223","878","1074.57","143.64"
"新北市林口區","西林里","3936","4429992","1126","610","282","1298","1830.20","162.61"
"新北市林口區","湖北里","440","317694","722","422","214","894","857.15","118.71"
"新北市林口區","菁湖里","1458","1540597","1057","598","281","1276","1512.52","143.14"
"新北市林口區","湖南里","10148","14085731","1388","839","366","1739","1931.92","139.18"
"新北市林口區","南勢里","11601","18488372","1594","1002","424","2052","2550.67","160.05"
"新北市林口區","頂福里","307","185343","604","442","233","741","642.35","106.40"
"新北市林口區","下福里","422","293042","694","452","216","799","958.21","137.99"
"新北市林口區","嘉寶里","289","189447","656","408","212","765","848.26","129.40"
"新北市林口區","瑞平里","249","149715","601","395","194","714","760.62","126.50"
"新北市林口區","太平里","484","357207","738","425","221","799","1634.04","221.41"
"新北市林口區","中湖里","1868","1733328","928","611","304","1152","1116.71","120.35"
"新北市林口區","東勢里","2462","2177972","885","529","256","1050","1247.58","141.03"
"新北市林口區","仁愛里","2554","3109112","1217","676","298","1494","1639.86","134.71"
"新北市林口區","麗林里","3263","3657267","1121","653","297","1427","1426.25","127.25"
"新北市林口區","麗園里","1438","1364159","949","494","251","1057","2281.62","240.51"
"新北市林口區","其他","2","1089","545","545","433","657","316.11","58.03"
"新北市林口區","合計","43876","54219075","1236","698","314","1528","1947.43","157.59"
"新北市五股區","興珍里","1577","1149953","729","448","216","816","1261.13","172.95"
"新北市五股區","更寮里","329","214614","652","426","193","757","866.55","132.84"
"新北市五股區","集福里","1180","692769","587","418","208","782","607.48","103.47"
"新北市五股區","觀音里","329","200744","610","439","209","745","717.41","117.58"
"新北市五股區","成州里","1829","1148801","628","412","201","793","764.10","121.65"
"新北市五股區","五股里","1197","810080","677","422","219","800","892.95","131.94"
"新北市五股區","五龍里","349","216312","620","402","214","710","820.31","132.35"
"新北市五股區","德音里","1868","1479385","792","477","244","898","1279.14","161.52"
"新北市五股區","貿商里","937","679563","725","435","209","832","1099.22","151.56"
"新北市五股區","陸一里","738","500815","679","415","204","783","917.07","135.14"
"新北市五股區","成功里","3062","2107587","688","495","247","899","699.51","101.63"
"新北市五股區","五福里","1073","601830","561","383","209","708","634.75","113.17"
"新北市五股區","成德里","1010","696839","690","469","242","864","715.07","103.64"
"新北市五股區","德泰里","1472","1066292","724","431","223","819","2061.07","284.53"
"新北市五股區","六福里","1238","746876","603","410","214","703","689.20","114.24"
"新北市五股區","集賢里","1323","741581","561","424","210","737","542.38","96.76"
"新北市五股區","民義里","1153","765191","664","456","211","847","780.14","117.55"
"新北市五股區","成泰里","4790","3973026","829","555","274","1072","1024.20","123.48"
"新北市五股區","水碓里","2671","1855954","695","444","227","839","846.97","121.89"
"新北市五股區","福德里","1102","761988","691","460","230","886","891.53","128.93"
"新北市五股區","其他","0","0","0","0","0","0","0.00","0.00"
"新北市五股區","合計","29227","20410199","698","457","228","856","992.58","142.13"
"新北市蘆洲區","樓厝里","2287","1799186","787","502","263","1013","905.51","115.10"
"新北市蘆洲區","保和里","805","594794","739","470","237","994","828.09","112.07"
"新北市蘆洲區","得勝里","993","685689","691","432","231","804","1001.10","144.98"
"新北市蘆洲區","仁復里","585","465046","795","472","205","902","1235.71","155.44"
"新北市蘆洲區","溪墘里","916","659770","720","461","245","871","857.08","118.99"
"新北市蘆洲區","中路里","1265","837862","662","440","226","824","783.94","118.36"
"新北市蘆洲區","正義里","5183","6147568","1186","719","321","1503","1767.82","149.04"
"新北市蘆洲區","水湳里","3613","2971359","822","500","251","1029","1177.60","143.19"
"新北市蘆洲區","保佑里","1128","803250","712","444","222","873","860.32","120.81"
"新北市蘆洲區","樹德里","1010","678015","671","433","228","868","885.33","131.88"
"新北市蘆洲區","中原里","1942","1682594","866","514","245","1070","1109.75","128.08"
"新北市蘆洲區","恆德里","1981","1644791","830","499","254","958","1117.71","134.62"
"新北市蘆洲區","光華里","1658","1243510","750","463","224","903","892.97","119.06"
"新北市蘆洲區","鷺江里","1743","1469642","843","504","257","969","1335.02","158.33"
"新北市蘆洲區","南港里","1792","1216581","679","439","234","842","809.50","119.24"
"新北市蘆洲區","永樂里","2002","1429030","714","461","234","856","816.65","114.41"
"新北市蘆洲區","永康里","2188","1542205","705","453","220","871","833.16","118.20"
"新北市蘆洲區","信義里","1135","812924","716","447","235","830","1456.66","203.38"
"新北市蘆洲區","玉清里","1969","1570341","798","505","239","1000","950.12","119.13"
"新北市蘆洲區","復興里","1039","636979","613","434","225","774","628.21","102.47"
"新北市蘆洲區","水河里","3008","2011162","669","441","226","862","756.14","113.09"
"新北市蘆洲區","仁愛里","1725","1224216","710","457","237","883","863.53","121.68"
"新北市蘆洲區","忠義里","1018","712226","700","450","225","829","959.68","137.17"
"新北市蘆洲區","九芎里","1705","1054692","619","444","220","799","627.75","101.48"
"新北市蘆洲區","中華里","965","707178","733","459","238","866","986.59","134.63"
"新北市蘆洲區","得仁里","939","650148","692","459","228","858","824.99","119.15"
"新北市蘆洲區","仁德里","1675","1219621","728","460","243","886","868.55","119.29"
"新北市蘆洲區","仁義里","1349","1279117","948","522","262","1061","1264.22","133.33"
"新北市蘆洲區","光明里","1439","1044058","726","480","247","900","823.30","113.47"
"新北市蘆洲區","保新里","1351","1178794","873","510","239","953","1396.05","160.00"
"新北市蘆洲區","長安里","1547","948048","613","423","220","763","660.55","107.79"
"新北市蘆洲區","民和里","749","488532","652","449","227","835","735.92","112.83"
"新北市蘆洲區","忠孝里","782","492039","629","460","233","784","684.38","108.77"
"新北市蘆洲區","福安里","1083","754137","696","414","202","862","1058.65","152.03"
"新北市蘆洲區","永安里","1591","1097335","690","466","233","861","770.26","111.68"
"新北市蘆洲區","延平里","1335","885288","663","446","217","801","963.58","145.31"
"新北市蘆洲區","成功里","2376","1603595","675","447","241","828","813.49","120.53"
"新北市蘆洲區","永德里","1461","929975","637","450","234","797","745.48","117.12"
"新北市蘆洲區","其他","38","17316","456","367","226","454","526.70","115.59"
"新北市蘆洲區","合計","61370","47188613","769","477","240","931","1054.84","137.18"
"新北市三重區","二重里","499","320725","643","441","247","801","634.82","98.77"
"新北市三重區","五谷里","713","561954","788","534","260","979","945.48","119.96"
"新北市三重區","德厚里","327","371510","1136","821","416","1479","1118.95","98.49"
"新北市三重區","福祉里","2100","1992105","949","588","281","1168","1335.00","140.73"
"新北市三重區","過田里","2252","1833963","814","479","232","963","1267.99","155.70"
"新北市三重區","溪美里","2822","2310298","819","496","254","1033","1055.40","128.92"
"新北市三重區","厚德里","1134","927666","818","518","245","1057","941.24","115.06"
"新北市三重區","慈化里","694","467849","674","457","235","852","726.46","107.76"
"新北市三重區","永安里","1193","857804","719","455","218","875","869.84","120.97"
"新北市三重區","六合里","1159","733092","633","433","203","865","685.66","108.40"
"新北市三重區","福利里","862","778848","904","545","280","1128","1066.20","118.00"
"新北市三重區","永興里","549","481675","877","551","282","1087","1035.47","118.02"
"新北市三重區","清和里","1496","1372826","918","571","263","1138","1071.98","116.82"
"新北市三重區","仁德里","565","357833","633","425","200","824","693.12","109.44"
"新北市三重區","開元里","606","576604","951","554","257","1128","1260.17","132.44"
"新北市三重區","大德里","250","156386","626","419","227","811","640.63","102.41"
"新北市三重區","錦通里","398","209822","527","355","183","689","563.52","106.89"
"新北市三重區","光華里","870","728569","837","523","252","1037","988.19","118.00"
"新北市三重區","光榮里","486","390467","803","496","258","957","1068.21","132.96"
"新北市三重區","大園里","836","779040","932","469","233","968","2059.17","220.97"
"新北市三重區","長生里","274","206086","752","376","157","926","1071.39","142.45"
"新北市三重區","長安里","603","394992","655","437","199","802","744.24","113.62"
"新北市三重區","同安里","449","276835","617","416","225","829","671.16","108.86"
"新北市三重區","光明里","2514","2336783","930","533","263","1075","1324.31","142.47"
"新北市三重區","菜寮里","644","457912","711","523","249","883","729.24","102.56"
"新北市三重區","大同里","693","510797","737","487","227","903","845.94","114.77"
"新北市三重區","長泰里","643","421856","656","431","213","823","741.95","113.09"
"新北市三重區","長元里","731","450503","616","420","190","789","671.80","109.01"
"新北市三重區","介壽里","360","253152","703","429","206","770","924.47","131.47"
"新北市三重區","三安里","819","575971","703","454","228","869","785.49","111.69"
"新北市三重區","文化里","679","476646","702","417","211","828","1058.35","150.77"
"新北市三重區","正義里","598","482603","807","473","237","955","1154.61","143.07"
"新北市三重區","中正里","428","283689","663","434","211","850","776.41","117.14"
"新北市三重區","仁義里","459","394735","860","472","248","975","1199.50","139.48"
"新北市三重區","長江里","626","527586","843","494","252","1052","1284.73","152.44"
"新北市三重區","錦江里","645","379364","588","411","209","713","672.78","114.39"
"新北市三重區","龍門里","541","430655","796","473","235","906","1150.73","144.56"
"新北市三重區","大安里","480","303370","632","424","210","811","658.69","104.22"
"新北市三重區","光正里","1039","1243400","1197","688","300","1472","2686.52","224.49"
"新北市三重區","重新里","502","372223","741","514","250","868","873.65","117.83"
"新北市三重區","民生里","1288","854985","664","422","225","776","830.63","125.13"
"新北市三重區","中山里","936","865963","925","508","243","1078","1325.11","143.23"
"新北市三重區","國隆里","1033","921193","892","531","254","1087","1107.15","124.15"
"新北市三重區","重陽里","1102","731296","664","431","209","838","850.46","128.16"
"新北市三重區","幸福里","1438","973545","677","446","236","819","799.69","118.12"
"新北市三重區","福安里","965","697716","723","484","242","913","826.58","114.32"
"新北市三重區","信安里","689","548388","796","476","229","1037","955.39","120.04"
"新北市三重區","安慶里","622","362939","584","396","210","725","660.99","113.28"
"新北市三重區","順德里","605","369128","610","425","216","775","645.00","105.72"
"新北市三重區","承德里","482","347677","721","490","225","910","789.83","109.50"
"新北市三重區","瑞德里","648","398542","615","420","235","769","650.76","105.81"
"新北市三重區","崇德里","1119","726391","649","443","215","815","735.10","113.24"
"新北市三重區","尚德里","889","573034","645","430","227","800","698.22","108.32"
"新北市三重區","培德里","1183","973706","823","511","261","1019","1063.52","129.21"
"新北市三重區","自強里","550","335757","610","395","199","835","668.55","109.51"
"新北市三重區","大有里","1788","1251793","700","481","246","882","895.68","127.93"
"新北市三重區","頂崁里","988","882616","893","500","251","1038","1174.18","131.44"
"新北市三重區","谷王里","798","884998","1109","807","397","1434","1054.17","95.05"
"新北市三重區","中興里","1447","1327030","917","513","253","992","3030.86","330.49"
"新北市三重區","成功里","2774","2845176","1026","677","308","1316","1169.31","114.01"
"新北市三重區","重明里","1304","1455487","1116","623","307","1361","1520.71","136.24"
"新北市三重區","光田里","1529","1343567","879","497","248","979","1594.40","181.44"
"新北市三重區","田心里","1232","831896","675","433","229","824","855.29","126.67"
"新北市三重區","福隆里","1445","1204597","834","527","258","1038","928.01","111.32"
"新北市三重區","五常里","2513","2413822","961","639","304","1273","1201.46","125.08"
"新北市三重區","慈生里","589","378709","643","444","221","797","800.78","124.54"
"新北市三重區","碧華里","3278","3997987","1220","716","334","1555","1572.83","128.96"
"新北市三重區","永德里","1339","832355","622","425","225","805","688.65","110.78"
"新北市三重區","永福里","1557","1022462","657","418","210","796","781.99","119.08"
"新北市三重區","福星里","418","357425","855","545","268","1149","919.65","107.55"
"新北市三重區","錦安里","511","354709","694","463","239","903","776.98","111.93"
"新北市三重區","光輝里","464","330973","713","436","222","834","1108.99","155.47"
"新北市三重區","同慶里","557","417233","749","485","261","893","839.02","112.01"
"新北市三重區","永春里","558","371762","666","447","223","815","769.74","115.54"
"新北市三重區","中民里","367","226517","617","394","210","750","783.44","126.93"
"新北市三重區","長福里","500","358534","717","448","233","881","808.14","112.70"
"新北市三重區","奕壽里","546","447405","819","481","251","976","1115.27","136.10"
"新北市三重區","萬壽里","607","465357","767","483","249","955","869.34","113.39"
"新北市三重區","中央里","505","364693","722","479","252","889","821.21","113.71"
"新北市三重區","雙園里","296","196903","665","439","229","822","803.87","120.84"
"新北市三重區","正安里","589","428176","727","444","247","880","960.59","132.14"
"新北市三重區","吉利里","422","262942","623","437","227","806","770.44","123.65"
"新北市三重區","忠孝里","538","369158","686","493","220","905","872.76","127.19"
"新北市三重區","秀江里","365","249887","685","452","201","867","752.84","109.96"
"新北市三重區","龍濱里","986","696161","706","456","225","828","880.51","124.71"
"新北市三重區","平和里","466","271706","583","403","219","749","602.07","103.26"
"新北市三重區","正德里","318","216338","680","488","226","893","684.31","100.59"
"新北市三重區","五福里","1229","1155310","940","529","265","1189","1268.56","134.95"
"新北市三重區","富華里","1062","847367","798","512","261","1092","823.10","103.16"
"新北市三重區","田安里","1953","1455046","745","478","241","905","878.42","117.90"
"新北市三重區","慈惠里","654","486864","744","465","249","949","869.93","116.86"
"新北市三重區","慈福里","610","358536","588","409","207","781","604.15","102.79"
"新北市三重區","永盛里","874","595054","681","449","230","832","802.36","117.85"
"新北市三重區","福民里","1060","705324","665","451","217","850","723.60","108.75"
"新北市三重區","田中里","1915","1473751","770","502","252","982","847.07","110.07"
"新北市三重區","永清里","1608","1099590","684","430","220","823","916.87","134.08"
"新北市三重區","維德里","851","568771","668","442","225","826","809.01","121.05"
"新北市三重區","五華里","1681","1702973","1013","536","278","1153","1460.67","144.18"
"新北市三重區","永煇里","710","432914","610","428","216","753","656.61","107.69"
"新北市三重區","三民里","1091","905688","830","529","244","1064","991.76","119.47"
"新北市三重區","錦田里","705","706970","1003","518","237","1100","2301.74","229.53"
"新北市三重區","慈祐里","1479","1097053","742","484","223","912","861.56","116.15"
"新北市三重區","六福里","1684","1164404","691","459","230","877","797.53","115.34"
"新北市三重區","光陽里","2203","1947070","884","527","265","1057","1226.33","138.75"
"新北市三重區","福田里","1092","746169","683","425","233","852","786.57","115.11"
"新北市三重區","富福里","616","380837","618","414","226","766","724.95","117.26"
"新北市三重區","仁忠里","824","505406","613","440","213","789","672.74","109.68"
"新北市三重區","富貴里","2481","3142399","1267","703","329","1546","1650.03","130.27"
"新北市三重區","慈愛里","984","599315","609","394","208","744","700.77","115.06"
"新北市三重區","福德里","1407","1207569","858","503","224","1006","1191.17","138.79"
"新北市三重區","永豐里","1697","1093055","644","432","229","832","693.95","107.74"
"新北市三重區","博愛里","1405","920044","655","446","222","805","727.63","111.12"
"新北市三重區","永吉里","875","631382","722","465","238","874","830.84","115.14"
"新北市三重區","永順里","1463","904524","618","405","222","736","732.51","118.48"
"新北市三重區","永發里","1968","1569742","798","507","249","979","936.47","117.41"
"新北市三重區","立德里","1086","728886","671","422","211","841","798.78","119.01"
"新北市三重區","福樂里","1093","830801","760","450","235","879","1930.78","254.01"
"新北市三重區","仁華里","1376","1090912","793","513","255","1005","861.88","108.71"
"新北市三重區","五順里","1122","679413","606","416","213","771","620.94","102.54"
"新北市三重區","其他","5","1489","298","231","186","357","266.06","89.37"
"新北市三重區","合計","119544","95461457","799","489","242","970","1132.51","141.82"
"新北市泰山區","黎明里","1085","736846","679","454","230","869","736.41","108.44"
"新北市泰山區","大科里","258","163786","635","445","206","906","613.07","96.57"
"新北市泰山區","山腳里","2097","1495257","713","469","228","862","853.42","119.69"
"新北市泰山區","楓樹里","1391","1120123","805","485","232","1016","1040.14","129.17"
"新北市泰山區","同榮里","1399","990286","708","482","246","943","790.37","111.66"
"新北市泰山區","義學里","1496","1073401","718","488","244","908","954.55","133.04"
"新北市泰山區","明志里","1209","897876","743","458","228","850","1309.08","176.27"
"新北市泰山區","貴子里","1356","1043480","770","522","233","1030","858.66","111.58"
"新北市泰山區","貴和里","1717","1248125","727","461","235","939","844.34","116.15"
"新北市泰山區","福泰里","787","484670","616","407","217","773","653.34","106.09"
"新北市泰山區","同興里","1191","1051008","882","573","279","1167","953.78","108.08"
"新北市泰山區","義仁里","3137","2845571","907","598","291","1193","975.95","107.59"
"新北市泰山區","泰友里","585","386028","660","477","238","816","803.08","121.70"
"新北市泰山區","新明里","969","628715","649","419","231","820","706.62","108.91"
"新北市泰山區","貴賢里","1302","1037894","797","513","266","962","1020.73","128.05"
"新北市泰山區","福興里","1224","1086192","887","546","269","1120","1097.10","123.63"
"新北市泰山區","全興里","3220","3426437","1064","713","311","1404","1201.91","112.95"
"新北市泰山區","其他","0","0","0","0","0","0","0.00","0.00"
"新北市泰山區","合計","24423","19715695","807","515","252","1027","978.81","121.25"
"新北市新店區","張北里","3307","4162923","1259","696","319","1472","1738.43","138.10"
"新北市新店區","張南里","951","1081677","1137","668","287","1403","1507.09","132.50"
"新北市新店區","廣明里","323","293663","909","522","278","1177","1002.73","110.29"
"新北市新店區","江陵里","2112","2818044","1334","695","315","1498","2619.86","196.35"
"新北市新店區","百忍里","1240","1032511","833","522","277","1022","1040.45","124.95"
"新北市新店區","青潭里","1837","1391205","757","492","237","956","950.22","125.47"
"新北市新店區","員潭里","1767","1232689","698","467","230","932","713.75","102.31"
"新北市新店區","雙坑里","166","88313","532","351","164","638","613.76","115.37"
"新北市新店區","粗坑里","983","894146","910","523","231","1088","1391.50","152.98"
"新北市新店區","屈尺里","683","436427","639","422","198","787","787.63","123.26"
"新北市新店區","廣興里","313","202360","647","407","208","760","824.71","127.56"
"新北市新店區","龜山里","453","296884","655","421","203","810","888.23","135.53"
"新北市新店區","直潭里","378","413373","1094","561","265","1010","2542.99","232.54"
"新北市新店區","塗潭里","225","120503","536","363","197","728","551.93","103.05"
"新北市新店區","公崙里","4839","4737134","979","598","290","1242","1205.82","123.18"
"新北市新店區","柴埕里","3094","2521865","815","522","249","1078","938.04","115.08"
"新北市新店區","雙城里","1730","1153709","667","470","229","829","717.05","107.52"
"新北市新店區","頂城里","400","253155","633","402","217","778","679.04","107.29"
"新北市新店區","下城里","1123","2516645","2241","742","319","1993","7002.50","312.47"
"新北市新店區","文中里","682","739463","1084","583","271","1303","1507.00","138.99"
"新北市新店區","國校里","839","767188","914","547","261","1135","1217.08","133.10"
"新北市新店區","新生里","2100","2402452","1144","624","294","1307","1772.61","154.94"
"新北市新店區","中興里","2143","2276057","1062","574","251","1296","1598.57","150.51"
"新北市新店區","新安里","1500","1607489","1072","595","284","1215","2245.67","209.55"
"新北市新店區","文明里","842","849185","1009","552","268","1179","1682.77","166.85"
"新北市新店區","寶興里","2109","3329456","1579","728","313","1643","3483.54","220.66"
"新北市新店區","寶安里","1963","1987342","1012","627","278","1255","1259.98","124.45"
"新北市新店區","信義里","2451","2847246","1162","584","271","1318","2647.23","227.88"
"新北市新店區","忠孝里","952","893479","939","551","273","998","2064.55","219.98"
"新北市新店區","大鵬里","1001","1062433","1061","587","301","1247","2037.32","191.95"
"新北市新店區","大豐里","1302","1257520","966","597","279","1222","1126.54","116.64"
"新北市新店區","明德里","1428","1479225","1036","556","270","1244","2043.14","197.24"
"新北市新店區","中山里","3362","5611794","1669","986","418","2101","2289.52","137.16"
"新北市新店區","和平里","471","243306","517","361","188","655","688.00","133.19"
"新北市新店區","仁愛里","758","644393","850","522","253","1044","1017.53","119.69"
"新北市新店區","中正里","2044","2041555","999","591","275","1140","1477.03","147.88"
"新北市新店區","美潭里","1765","1416815","803","489","239","977","1136.49","141.58"
"新北市新店區","德安里","1849","1218059","659","435","227","818","772.53","117.27"
"新北市新店區","太平里","1069","929069","869","502","248","1081","1135.23","130.62"
"新北市新店區","中央里","2293","3413580","1489","797","346","1855","2074.99","139.38"
"新北市新店區","百和里","1075","969000","901","557","269","1116","1104.58","122.54"
"新北市新店區","福德里","1277","1092456","855","527","260","1073","1058.51","123.73"
"新北市新店區","福民里","1525","1522373","998","595","271","1207","2339.92","234.40"
"新北市新店區","百福里","1397","1631867","1168","672","299","1397","1571.57","134.54"
"新北市新店區","國豐里","1056","987961","936","593","280","1180","1104.15","118.02"
"新北市新店區","新德里","898","822442","916","580","274","1098","1134.20","123.84"
"新北市新店區","五峯里","2938","3680887","1253","637","283","1374","2622.42","209.32"
"新北市新店區","中華里","1647","2068458","1256","632","282","1434","2492.17","198.44"
"新北市新店區","忠誠里","889","857662","965","615","242","1218","1267.27","131.36"
"新北市新店區","永安里","1623","1080447","666","457","226","837","727.35","109.26"
"新北市新店區","新店里","593","491338","829","479","233","1044","1039.78","125.49"
"新北市新店區","大同里","1398","1475524","1055","599","270","1284","1784.41","169.07"
"新北市新店區","玫瑰里","1909","1179689","618","446","230","805","667.83","108.07"
"新北市新店區","日興里","1592","936249","588","394","207","731","722.95","122.93"
"新北市新店區","寶福里","2565","3019263","1177","604","287","1361","1850.79","157.23"
"新北市新店區","安和里","2708","2429475","897","531","250","1107","1245.28","138.80"
"新北市新店區","明城里","1236","1216587","984","558","266","1175","1868.84","189.87"
"新北市新店區","吉祥里","1582","1240610","784","490","243","921","1053.24","134.31"
"新北市新店區","小城里","1234","1160033","940","541","253","1136","1524.94","162.22"
"新北市新店區","香坡里","4089","3990286","976","571","261","1171","1482.54","151.92"
"新北市新店區","建國里","969","924586","954","567","257","1161","1547.45","162.18"
"新北市新店區","復興里","1072","895661","836","493","255","1024","1024.64","122.64"
"新北市新店區","美城里","839","554706","661","444","226","787","788.93","119.33"
"新北市新店區","安昌里","1967","1710846","870","572","264","1148","963.60","110.79"
"新北市新店區","長春里","984","1199386","1219","683","307","1542","1769.96","145.21"
"新北市新店區","新和里","1351","976600","723","492","252","938","809.54","111.99"
"新北市新店區","永平里","1844","1443986","783","497","258","950","996.89","127.30"
"新北市新店區","達觀里","1504","1220312","811","525","231","1007","937.53","115.55"
"新北市新店區","華城里","1190","2312529","1943","984","379","2422","2775.53","142.83"
"新北市新店區","其他","8","5344","668","792","206","904","542.62","81.23"
"新北市新店區","合計","103806","105760891","1019","565","266","1177","1823.18","178.95"
"新北市石碇區","石碇里","113","59893","530","356","185","698","559.78","105.61"
"新北市石碇區","潭邊里","216","135041","625","361","177","630","979.33","156.65"
"新北市石碇區","烏塗里","132","78163","592","359","209","684","771.73","130.33"
"新北市石碇區","豐林里","93","52067","560","390","218","684","661.36","118.13"
"新北市石碇區","隆盛里","172","121500","706","447","230","824","773.49","109.50"
"新北市石碇區","中民里","187","107303","574","402","228","741","556.54","96.99"
"新北市石碇區","永定里","144","76141","529","338","172","623","586.78","110.97"
"新北市石碇區","光明里","58","37924","654","371","229","640","868.76","132.87"
"新北市石碇區","彭山里","66","40499","614","370","253","724","1145.46","186.67"
"新北市石碇區","豐田里","97","70420","726","474","271","904","777.18","107.05"
"新北市石碇區","格頭里","260","146663","564","398","216","714","521.03","92.37"
"新北市石碇區","永安里","224","137471","614","374","212","709","736.33","119.98"
"新北市石碇區","其他","0","0","0","0","0","0","0.00","0.00"
"新北市石碇區","合計","1762","1063084","603","387","211","731","735.24","121.86"
"新北市深坑區","深坑里","1152","905016","786","442","224","891","2898.10","368.90"
"新北市深坑區","萬順里","854","646425","757","465","247","900","933.20","123.29"
"新北市深坑區","阿柔里","166","113097","681","449","258","804","1062.49","155.95"
"新北市深坑區","昇高里","633","422647","668","434","243","790","759.09","113.69"
"新北市深坑區","土庫里","948","617048","651","417","215","747","836.74","128.55"
"新北市深坑區","埔新里","2133","1636232","767","489","242","926","1143.48","149.06"
"新北市深坑區","萬福里","866","691045","798","480","234","943","1207.71","151.35"
"新北市深坑區","賴仲里","786","639206","813","504","267","928","1089.92","134.02"
"新北市深坑區","其他","7","3645","521","263","154","811","551.96","106.01"
"新北市深坑區","合計","7545","5674361","752","463","237","875","1484.69","197.41"
"新北市坪林區","坪林里","402","244192","607","399","235","680","742.48","122.23"
"新北市坪林區","水德里","154","96087","624","481","254","872","532.37","85.32"
"新北市坪林區","大林里","280","183648","656","410","198","781","858.79","130.94"
"新北市坪林區","上德里","197","109768","557","370","186","588","761.61","136.69"
"新北市坪林區","漁光里","158","102624","650","424","243","737","901.74","138.83"
"新北市坪林區","石𥕢里","115","62345","542","383","191","638","578.14","106.64"
"新北市坪林區","粗窟里","212","159488","752","410","224","682","1880.64","249.98"
"新北市坪林區","其他","0","0","0","0","0","0","0.00","0.00"
"新北市坪林區","合計","1518","958152","631","412","220","709","994.87","157.62"
"新北市烏來區","烏來里","665","486150","731","483","244","906","873.86","119.53"
"新北市烏來區","忠治里","418","240001","574","434","221","702","596.18","103.83"
"新北市烏來區","孝義里","60","49499","825","617","291","1138","734.29","89.01"
"新北市烏來區","信賢里","125","87422","699","448","238","903","784.43","112.16"
"新北市烏來區","福山里","126","59485","472","383","163","567","487.26","103.21"
"新北市烏來區","其他","0","0","0","0","0","0","0.00","0.00"
"新北市烏來區","合計","1394","922556","662","451","233","826","760.55","114.92"
"新北市板橋區","留侯里","483","369934","766","509","232","991","815.00","106.41"
"新北市板橋區","流芳里","495","507521","1025","582","263","1184","1406.48","137.18"
"新北市板橋區","赤松里","404","443258","1097","669","307","1408","1376.28","125.44"
"新北市板橋區","黃石里","399","469003","1175","593","312","1469","1526.63","129.88"
"新北市板橋區","挹秀里","668","928262","1390","745","331","1660","2482.56","178.65"
"新北市板橋區","社後里","2029","1640721","809","486","231","970","1142.01","141.23"
"新北市板橋區","新埔里","683","621888","911","511","276","1117","1249.05","137.18"
"新北市板橋區","江翠里","1751","1708857","976","540","265","1141","1495.96","153.29"
"新北市板橋區","松翠里","1056","912284","864","561","269","1099","981.76","113.64"
"新北市板橋區","嵐翠里","685","478201","698","459","231","838","932.79","133.62"
"新北市板橋區","深丘里","3117","4750444","1524","818","352","1799","2632.49","172.73"
"新北市板橋區","埔墘里","2144","1888179","881","537","267","1063","1276.66","144.96"
"新北市板橋區","港嘴里","1962","1644527","838","517","251","1021","1052.54","125.57"
"新北市板橋區","湳興里","1668","1386868","831","544","254","1070","904.91","108.83"
"新北市板橋區","鄉雲里","1344","1316041","979","585","271","1128","1439.44","147.00"
"新北市板橋區","景星里","1274","1312182","1030","541","270","1045","5658.85","549.42"
"新北市板橋區","廣福里","1233","933366","757","493","237","932","921.34","121.71"
"新北市板橋區","溪洲里","1789","1288412","720","450","229","875","869.26","120.70"
"新北市板橋區","崑崙里","3112","2324671","747","481","232","966","939.65","125.79"
"新北市板橋區","浮洲里","1027","717776","699","452","239","833","844.29","120.80"
"新北市板橋區","中正里","2740","2752124","1004","702","336","1328","1048.63","104.40"
"新北市板橋區","中山里","2326","1761835","757","513","251","986","858.81","113.38"
"新北市板橋區","復興里","214","135440","633","444","248","702","681.45","107.67"
"新北市板橋區","自強里","1810","1699335","939","609","283","1162","1156.98","123.23"
"新北市板橋區","國光里","1286","1254544","976","593","281","1253","1161.79","119.09"
"新北市板橋區","新興里","1052","814823","775","526","245","1020","861.72","111.26"
"新北市板橋區","福德里","1631","1446055","887","565","250","1144","1058.36","119.37"
"新北市板橋區","和平里","1559","2078810","1333","860","380","1717","2017.45","151.30"
"新北市板橋區","仁愛里","872","626952","719","494","242","908","766.75","106.64"
"新北市板橋區","福星里","1202","1223207","1018","604","275","1251","1301.86","127.93"
"新北市板橋區","公舘里","1176","937377","797","510","249","1021","883.75","110.87"
"新北市板橋區","新民里","1339","1264593","944","609","278","1205","1087.31","115.13"
"新北市板橋區","振興里","1311","936199","714","474","242","868","948.56","132.83"
"新北市板橋區","光復里","1065","916506","861","506","238","1096","1211.12","140.73"
"新北市板橋區","香丘里","1131","991313","876","535","268","1112","1027.21","117.20"
"新北市板橋區","雙玉里","1183","1005020","850","516","242","1060","1033.78","121.68"
"新北市板橋區","福壽里","1069","1135890","1063","575","271","1109","2063.14","194.16"
"新北市板橋區","玉光里","1799","1566967","871","528","266","1096","1032.74","118.57"
"新北市板橋區","港尾里","1025","931265","909","601","270","1192","1012.28","111.42"
"新北市板橋區","民權里","855","657813","769","519","236","1053","798.91","103.84"
"新北市板橋區","建國里","1042","697532","669","461","215","855","723.89","108.14"
"新北市板橋區","百壽里","853","932184","1093","627","292","1298","1742.99","159.49"
"新北市板橋區","忠誠里","1412","1506542","1067","651","301","1345","1298.52","121.70"
"新北市板橋區","幸福里","1212","929607","767","498","216","928","973.86","126.97"
"新北市板橋區","漢生里","1485","1458428","982","617","290","1266","1169.69","119.10"
"新北市板橋區","聯翠里","1300","1481022","1139","704","314","1399","1348.40","118.36"
"新北市板橋區","宏翠里","2102","2066811","983","626","290","1225","1386.93","141.05"
"新北市板橋區","華翠里","1150","1070778","931","569","273","1151","1226.19","131.69"
"新北市板橋區","福翠里","356","225056","632","430","221","808","648.46","102.58"
"新北市板橋區","九如里","851","623178","732","452","234","881","957.05","130.69"
"新北市板橋區","埤墘里","1361","1323333","972","603","296","1251","1120.26","115.21"
"新北市板橋區","廣新里","953","677983","711","467","238","857","861.18","121.05"
"新北市板橋區","福丘里","1968","3678939","1869","996","421","2283","2885.35","154.35"
"新北市板橋區","廣德里","2302","2286693","993","590","274","1231","1621.81","163.27"
"新北市板橋區","福祿里","1305","1233677","945","586","273","1263","1057.33","111.85"
"新北市板橋區","華興里","1391","1253872","901","554","282","1112","1056.35","117.19"
"新北市板橋區","聚安里","1405","979787","697","463","248","827","841.21","120.63"
"新北市板橋區","龍翠里","1668","1800089","1079","605","309","1277","1481.54","137.28"
"新北市板橋區","柏翠里","1979","2262425","1143","669","300","1396","1871.03","163.66"
"新北市板橋區","文翠里","1278","1088198","851","524","266","979","1210.37","142.15"
"新北市板橋區","青翠里","858","595628","694","460","239","880","749.26","107.93"
"新北市板橋區","香社里","1462","1151221","787","527","264","975","910.19","115.59"
"新北市板橋區","大安里","1099","754927","687","425","217","813","979.72","142.63"
"新北市板橋區","東丘里","1352","1184079","876","540","273","1009","1108.10","126.52"
"新北市板橋區","華德里","2350","2088778","889","550","262","1099","1145.07","128.83"
"新北市板橋區","國泰里","1121","1026287","916","557","261","1190","1136.71","124.16"
"新北市板橋區","光華里","890","754140","847","545","260","1081","936.23","110.49"
"新北市板橋區","自立里","807","573470","711","482","250","932","772.46","108.70"
"新北市板橋區","重慶里","2813","2172354","772","503","248","1013","864.65","111.96"
"新北市板橋區","港德里","1339","1033618","772","509","243","965","851.66","110.33"
"新北市板橋區","忠翠里","3931","5549127","1412","763","322","1771","1908.94","135.23"
"新北市板橋區","明翠里","1406","1155955","822","496","228","1013","1030.81","125.38"
"新北市板橋區","滿翠里","805","506543","629","440","238","802","662.60","105.30"
"新北市板橋區","新翠里","2784","2536761","911","570","269","1130","1091.25","119.76"
"新北市板橋區","溪頭里","3677","4871347","1325","841","367","1725","1637.68","123.62"
"新北市板橋區","華江里","2564","3304920","1289","769","340","1661","1565.28","121.44"
"新北市板橋區","海山里","2555","2821131","1104","629","299","1296","1597.94","144.72"
"新北市板橋區","大豐里","1416","1103148","779","489","245","961","983.39","126.23"
"新北市板橋區","吉翠里","1042","690385","663","447","231","822","824.17","124.39"
"新北市板橋區","民族里","1570","1817348","1158","698","323","1491","1421.19","122.78"
"新北市板橋區","信義里","1334","1060362","795","478","235","985","1058.64","133.18"
"新北市板橋區","純翠里","1946","1679999","863","559","272","1083","958.37","111.01"
"新北市板橋區","長壽里","906","726299","802","526","254","991","969.66","120.96"
"新北市板橋區","振義里","1246","912755","733","511","253","948","759.87","103.73"
"新北市板橋區","西安里","844","816619","968","571","278","1195","1226.98","126.81"
"新北市板橋區","光仁里","865","696425","805","496","248","986","986.87","122.58"
"新北市板橋區","介壽里","1006","975555","970","554","250","1193","1210.64","124.84"
"新北市板橋區","仁翠里","775","493292","637","453","225","800","649.55","102.05"
"新北市板橋區","永安里","1120","1060503","947","575","270","1116","1202.89","127.04"
"新北市板橋區","懷翠里","1880","1553896","827","477","239","948","1774.69","214.71"
"新北市板橋區","長安里","1433","1402975","979","582","277","1199","1393.92","142.37"
"新北市板橋區","德翠里","2313","1974721","854","527","266","1075","968.39","113.43"
"新北市板橋區","溪北里","1072","782439","730","495","251","913","814.57","111.60"
"新北市板橋區","華中里","1417","846623","597","436","220","758","619.45","103.68"
"新北市板橋區","僑中里","1281","938256","732","477","249","893","854.16","116.62"
"新北市板橋區","金華里","1154","749707","650","450","236","808","730.22","112.40"
"新北市板橋區","華貴里","773","565781","732","468","245","917","808.50","110.46"
"新北市板橋區","華東里","3096","4307503","1391","800","342","1716","1964.15","141.17"
"新北市板橋區","福安里","2707","2256416","834","580","279","1106","900.23","108.00"
"新北市板橋區","龍安里","747","454651","609","405","208","763","737.49","121.17"
"新北市板橋區","香雅里","920","738057","802","533","260","1068","839.80","104.68"
"新北市板橋區","光榮里","741","539297","728","483","225","991","774.62","106.43"
"新北市板橋區","新生里","1254","940315","750","524","267","970","771.19","102.85"
"新北市板橋區","民安里","655","589851","901","568","260","1173","1101.83","122.35"
"新北市板橋區","後埔里","1329","1507073","1134","622","259","1270","3714.38","327.55"
"新北市板橋區","五權里","1162","859111","739","493","248","892","890.46","120.44"
"新北市板橋區","華福里","613","488833","797","542","250","1027","912.87","114.47"
"新北市板橋區","大觀里","1083","697035","644","435","236","803","753.92","117.14"
"新北市板橋區","歡園里","324","178898","552","452","233","689","510.67","92.49"
"新北市板橋區","成和里","2303","1943905","844","583","283","1123","860.20","101.91"
"新北市板橋區","溪福里","4597","3692752","803","513","255","1004","1006.71","125.32"
"新北市板橋區","堂春里","1319","972706","737","468","241","868","1620.98","219.81"
"新北市板橋區","文德里","1190","1141361","959","585","259","1184","1227.71","128.00"
"新北市板橋區","陽明里","855","773880","905","520","234","1007","2150.22","237.56"
"新北市板橋區","文化里","1109","1217262","1098","530","251","1191","1769.52","161.21"
"新北市板橋區","朝陽里","917","595286","649","456","225","830","650.91","100.27"
"新北市板橋區","新海里","980","632152","645","445","215","791","882.01","136.73"
"新北市板橋區","松柏里","730","668450","916","495","260","1065","1226.38","133.93"
"新北市板橋區","莒光里","866","799722","923","577","253","1185","1093.40","118.40"
"新北市板橋區","文聖里","1257","1051469","836","526","259","1040","964.98","115.36"
"新北市板橋區","富貴里","832","827754","995","566","262","1158","1487.63","149.53"
"新北市板橋區","居仁里","1327","1265616","954","549","269","1210","1161.56","121.79"
"新北市板橋區","正泰里","969","802405","828","524","250","999","1049.96","126.80"
"新北市板橋區","莊敬里","1458","1761685","1208","713","331","1568","2348.61","194.37"
"新北市板橋區","民生里","741","726898","981","591","301","1143","1850.76","188.67"
"新北市板橋區","東安里","659","507516","770","503","256","1034","867.18","112.60"
"新北市板橋區","其他","8","5885","736","563","196","757","868.23","118.03"
"新北市板橋區","合計","175295","163225709","931","556","266","1126","1434.94","154.10"
"新北市三峽區","三峽里","74","45607","616","475","227","927","515.03","83.57"
"新北市三峽區","秀川里","174","119235","685","443","208","932","798.56","116.54"
"新北市三峽區","八張里","1173","754449","643","421","202","800","839.65","130.55"
"新北市三峽區","中埔里","1106","741872","671","468","227","866","704.54","105.03"
"新北市三峽區","礁溪里","1934","1262384","653","444","220","826","748.55","114.68"
"新北市三峽區","永舘里","2266","1688682","745","475","229","912","959.67","128.78"
"新北市三峽區","鳶山里","3089","2228952","722","449","227","896","928.70","128.70"
"新北市三峽區","龍埔里","3150","2337243","742","495","233","954","967.72","130.42"
"新北市三峽區","弘道里","261","164870","632","422","253","706","950.59","150.48"
"新北市三峽區","大埔里","1202","742777","618","460","227","809","580.72","93.98"
"新北市三峽區","嘉添里","524","339818","649","404","214","724","946.83","146.00"
"新北市三峽區","添福里","246","175249","712","420","226","846","968.10","135.89"
"新北市三峽區","溪南里","386","248157","643","443","203","730","821.27","127.75"
"新北市三峽區","溪北里","600","348159","580","375","202","682","723.76","124.73"
"新北市三峽區","溪東里","846","492223","582","386","207","709","816.89","140.40"
"新北市三峽區","成福里","250","127323","509","382","188","660","498.00","97.78"
"新北市三峽區","安坑里","296","166340","562","397","186","698","575.26","102.37"
"新北市三峽區","竹崙里","419","242052","578","353","186","637","832.95","144.19"
"新北市三峽區","金圳里","101","58353","578","354","133","716","738.02","127.74"
"新北市三峽區","五寮里","144","82428","572","393","188","636","744.84","130.12"
"新北市三峽區","插角里","110","88834","808","448","221","722","1250.17","154.80"
"新北市三峽區","有木里","78","52628","675","493","225","828","717.84","106.39"
"新北市三峽區","安溪里","2246","1419875","632","437","214","794","825.48","130.58"
"新北市三峽區","中正里","1462","837239","573","407","206","735","603.18","105.33"
"新北市三峽區","介壽里","1908","1068738","560","397","199","699","617.40","110.22"
"新北市三峽區","二鬮里","1037","599415","578","385","185","692","712.36","123.24"
"新北市三峽區","龍恩里","2544","2938387","1155","698","302","1484","1430.98","123.89"
"新北市三峽區","龍學里","5563","6933186","1246","789","350","1596","1538.80","123.47"
"新北市三峽區","其他","3","401","134","125","115","149","34.64","25.89"
"新北市三峽區","合計","33192","26304875","793","487","233","966","1060.34","133.80"
"新北市鶯歌區","東鶯里","327","272806","834","475","214","971","1127.09","135.10"
"新北市鶯歌區","西鶯里","700","448588","641","460","226","767","700.12","109.25"
"新北市鶯歌區","南鶯里","1783","1313618","737","459","226","867","1050.87","142.64"
"新北市鶯歌區","北鶯里","1326","1178388","889","520","251","1115","1223.63","137.69"
"新北市鶯歌區","中鶯里","292","215400","738","483","237","896","851.73","115.46"
"新北市鶯歌區","建德里","139","80243","577","422","222","673","610.59","105.77"
"新北市鶯歌區","同慶里","463","321173","694","411","212","864","1102.26","158.90"
"新北市鶯歌區","南靖里","1012","668965","661","426","219","782","803.68","121.58"
"新北市鶯歌區","尖山里","3207","2282294","712","479","249","887","814.03","114.39"
"新北市鶯歌區","二橋里","2632","1646383","626","433","224","782","696.98","111.42"
"新北市鶯歌區","二甲里","242","136238","563","409","210","671","684.32","121.56"
"新北市鶯歌區","東湖里","72","56218","781","452","216","839","1162.65","148.90"
"新北市鶯歌區","中湖里","1674","1033912","618","410","215","721","1606.01","260.03"
"新北市鶯歌區","鳳鳴里","2446","1917574","784","533","264","1006","841.89","107.39"
"新北市鶯歌區","永昌里","2539","1668001","657","438","229","801","810.58","123.39"
"新北市鶯歌區","永吉里","1477","891705","604","413","227","780","588.99","97.56"
"新北市鶯歌區","鳳福里","1586","1108418","699","488","245","892","864.36","123.68"
"新北市鶯歌區","大湖里","1459","927181","635","410","216","780","745.62","117.33"
"新北市鶯歌區","建國里","2294","1608359","701","439","222","846","1075.88","153.45"
"新北市鶯歌區","鳳祥里","1293","810667","627","419","208","758","735.64","117.33"
"新北市鶯歌區","其他","0","0","0","0","0","0","0.00","0.00"
"新北市鶯歌區","合計","26963","18586132","689","451","230","845","933.82","135.47"
"新北市樹林區","樹東里","381","298006","782","484","222","874","980.80","125.39"
"新北市樹林區","彭厝里","1557","874389","562","395","208","703","572.59","101.96"
"新北市樹林區","樹西里","1666","1405142","843","539","261","1087","923.81","109.53"
"新北市樹林區","坡內里","499","305362","612","373","194","665","822.76","134.45"
"新北市樹林區","樹北里","303","270684","893","553","228","1062","1113.93","124.69"
"新北市樹林區","潭底里","1308","910053","696","428","228","834","955.79","137.37"
"新北市樹林區","󿾵寮里","1553","893166","575","408","208","732","650.62","113.13"
"新北市樹林區","三多里","1268","766662","605","396","216","737","721.23","119.29"
"新北市樹林區","東山里","986","612671","621","406","206","753","838.23","134.90"
"新北市樹林區","樂山里","577","419304","727","456","238","810","1218.30","167.65"
"新北市樹林區","東園里","497","311496","627","438","231","783","673.51","107.46"
"新北市樹林區","西園里","507","286995","566","392","198","692","647.48","114.38"
"新北市樹林區","南園里","5370","6692414","1246","776","336","1616","1532.27","122.95"
"新北市樹林區","北園里","642","391969","611","406","194","719","792.52","129.81"
"新北市樹林區","柑園里","3547","4687231","1321","780","325","1702","1895.59","143.45"
"新北市樹林區","樹南里","1382","964373","698","470","239","868","751.99","107.76"
"新北市樹林區","樹德里","1119","866046","774","496","248","934","1142.02","147.56"
"新北市樹林區","樹人里","999","779348","780","457","229","903","992.71","127.25"
"新北市樹林區","保安里","1941","1389149","716","454","229","865","978.13","136.67"
"新北市樹林區","三福里","1118","696934","623","421","214","762","729.42","117.01"
"新北市樹林區","三興里","1181","646906","548","386","203","676","617.24","112.69"
"新北市樹林區","大同里","1179","836359","709","475","234","904","767.90","108.25"
"新北市樹林區","彭福里","1759","1289219","733","484","242","913","920.10","125.54"
"新北市樹林區","東陽里","1907","1214302","637","428","216","799","747.87","117.45"
"新北市樹林區","東昇里","1695","1239659","731","473","240","898","908.03","124.16"
"新北市樹林區","和平里","1148","736154","641","438","236","805","729.62","113.78"
"新北市樹林區","圳福里","1354","859286","635","424","214","789","737.87","116.27"
"新北市樹林區","圳安里","1204","734034","610","414","215","743","757.69","124.28"
"新北市樹林區","樹興里","1141","796145","698","440","219","853","818.50","117.30"
"新北市樹林區","彭興里","1756","968486","552","379","207","707","585.75","106.21"
"新北市樹林區","文林里","1625","1115057","686","470","228","836","820.76","119.61"
"新北市樹林區","光興里","1274","701478","551","393","205","697","586.34","106.49"
"新北市樹林區","金寮里","1338","866093","647","445","218","779","888.81","137.31"
"新北市樹林區","中山里","1682","1186228","705","443","237","864","881.47","124.99"
"新北市樹林區","山佳里","1782","1117741","627","427","231","802","690.90","110.15"
"新北市樹林區","育英里","1109","951624","858","493","256","961","1290.24","150.36"
"新北市樹林區","樹福里","1255","1308165","1042","592","282","1348","1248.08","119.74"
"新北市樹林區","中華里","1120","711911","636","437","223","849","627.85","98.78"
"新北市樹林區","太順里","830","469850","566","390","205","694","655.33","115.77"
"新北市樹林區","圳民里","911","602208","661","438","232","781","1161.14","175.65"
"新北市樹林區","圳生里","546","324770","595","380","192","710","849.80","142.87"
"新北市樹林區","三龍里","756","503543","666","415","213","810","800.13","120.13"
"新北市樹林區","其他","1","1383","1383","1383","1383","1383","0.00","0.00"
"新北市樹林區","合計","55773","43001997","771","469","235","924","1054.88","136.82"
"新北市中和區","中原里","3740","5270345","1409","792","340","1722","2705.77","192.01"
"新北市中和區","平河里","3168","2659769","840","514","262","1076","948.77","113.01"
"新北市中和區","力行里","2183","1992170","913","593","276","1190","1052.81","115.37"
"新北市中和區","枋寮里","1215","1048804","863","546","266","1030","1101.92","127.65"
"新北市中和區","廟美里","1434","1133862","791","504","240","959","1005.42","127.16"
"新北市中和區","瓦磘里","1841","1661272","902","547","280","1125","1084.32","120.16"
"新北市中和區","積穗里","2842","2596296","914","563","264","1108","1217.11","133.23"
"新北市中和區","瑞穗里","774","650025","840","533","257","1044","1045.93","124.54"
"新北市中和區","灰磘里","198","147657","746","426","207","864","1534.56","205.78"
"新北市中和區","錦和里","1764","1466262","831","525","246","1013","1011.52","121.69"
"新北市中和區","內南里","1446","944042","653","448","223","813","755.57","115.73"
"新北市中和區","外南里","1438","1091316","759","471","239","917","907.79","119.62"
"新北市中和區","頂南里","915","696260","761","496","253","917","864.04","113.55"
"新北市中和區","橫路里","84","40801","486","329","141","603","566.25","116.58"
"新北市中和區","連和里","1004","986526","983","632","286","1215","1209.34","123.08"
"新北市中和區","漳和里","1352","1415902","1047","616","290","1204","1930.03","184.29"
"新北市中和區","秀山里","1452","1151051","793","513","253","981","950.61","119.91"
"新北市中和區","員山里","2176","2062924","948","546","278","1157","1430.24","150.86"
"新北市中和區","安樂里","1276","1348149","1057","670","318","1362","1206.45","114.19"
"新北市中和區","壽德里","1442","1217741","844","542","243","1120","918.33","108.74"
"新北市中和區","新南里","3014","3075457","1020","648","282","1331","1158.50","113.53"
"新北市中和區","崇南里","1555","1371080","882","563","268","1137","991.81","112.49"
"新北市中和區","東南里","1310","1132259","864","472","232","932","1936.42","224.04"
"新北市中和區","秀明里","1775","1554531","876","569","253","1078","1127.11","128.70"
"新北市中和區","安平里","2281","2696187","1182","676","309","1472","1566.23","132.50"
"新北市中和區","景平里","2214","2074440","937","581","268","1194","1149.73","122.71"
"新北市中和區","嘉穗里","924","680228","736","477","230","944","878.64","119.35"
"新北市中和區","景安里","1698","1560147","919","549","256","1154","1239.89","134.94"
"新北市中和區","連城里","2204","1957570","888","531","260","1074","1245.06","140.18"
"新北市中和區","福美里","1287","900978","700","476","249","872","866.39","123.76"
"新北市中和區","安和里","1074","1088951","1014","621","286","1210","1296.45","127.86"
"新北市中和區","中安里","1692","1796570","1062","645","297","1323","1395.86","131.46"
"新北市中和區","泰安里","1117","855219","766","487","224","961","929.79","121.44"
"新北市中和區","華南里","1591","1607774","1011","547","265","1193","1318.48","130.47"
"新北市中和區","秀峰里","1767","1347721","763","478","244","966","1051.46","137.86"
"新北市中和區","秀水里","1177","830055","705","484","235","889","747.19","105.95"
"新北市中和區","景南里","974","750526","771","467","229","938","964.81","125.21"
"新北市中和區","復興里","1513","1179521","780","480","242","917","1577.47","202.35"
"新北市中和區","和興里","1492","1409865","945","550","256","1145","1361.54","144.09"
"新北市中和區","南山里","1880","1914415","1018","610","279","1276","1329.19","130.53"
"新北市中和區","景新里","1124","848249","755","465","220","891","933.89","123.75"
"新北市中和區","景福里","2231","2214564","993","591","276","1172","1412.81","142.33"
"新北市中和區","清穗里","1067","810364","759","496","253","959","841.85","110.85"
"新北市中和區","佳和里","1654","1422812","860","544","244","1049","1095.40","127.34"
"新北市中和區","德穗里","1419","1188185","837","506","239","1012","1071.48","127.96"
"新北市中和區","嘉新里","1207","835970","693","473","234","884","788.36","113.83"
"新北市中和區","建和里","1153","910428","790","491","235","996","995.51","126.07"
"新北市中和區","仁和里","1215","857490","706","471","242","921","778.27","110.27"
"新北市中和區","秀景里","2199","2037773","927","553","265","1148","1196.15","129.08"
"新北市中和區","中正里","1158","771380","666","430","221","843","757.29","113.69"
"新北市中和區","福善里","1458","1115823","765","497","240","933","963.78","125.93"
"新北市中和區","福真里","1268","972713","767","499","249","945","958.32","124.92"
"新北市中和區","秀仁里","1061","1076113","1014","619","268","1314","1332.71","131.40"
"新北市中和區","忠孝里","1367","922319","675","462","220","857","788.91","116.93"
"新北市中和區","民享里","750","510687","681","471","239","834","795.60","116.84"
"新北市中和區","民生里","1327","1125967","849","549","266","1025","993.26","117.06"
"新北市中和區","國光里","1291","962841","746","490","246","989","781.76","104.82"
"新北市中和區","福和里","1120","839802","750","476","239","933","878.40","117.15"
"新北市中和區","秀成里","1105","937020","848","539","276","1036","1148.06","135.39"
"新北市中和區","秀福里","1726","1522785","882","567","267","1087","1069.58","121.23"
"新北市中和區","華新里","2600","2033419","782","540","265","1038","828.51","105.94"
"新北市中和區","壽南里","795","643625","810","519","276","1049","911.79","112.62"
"新北市中和區","文元里","1531","1043396","682","469","246","830","812.36","119.20"
"新北市中和區","明德里","1140","763113","669","455","240","855","777.82","116.20"
"新北市中和區","信和里","1173","793109","676","447","233","846","799.94","118.31"
"新北市中和區","福祥里","1571","1241291","790","470","232","967","1024.54","129.67"
"新北市中和區","景文里","1497","1686486","1127","617","294","1352","1654.06","146.82"
"新北市中和區","錦昌里","764","849877","1112","596","273","1305","1517.78","136.44"
"新北市中和區","民安里","1646","1271836","773","507","243","1011","813.03","105.22"
"新北市中和區","安穗里","1501","1237851","825","523","256","1011","965.33","117.05"
"新北市中和區","明穗里","1467","1209775","825","505","244","1052","985.73","119.53"
"新北市中和區","自強里","1509","1107121","734","497","250","941","754.30","102.81"
"新北市中和區","正行里","1014","924803","912","566","274","1118","1179.44","129.32"
"新北市中和區","德行里","2380","2594774","1090","706","339","1406","1207.22","110.73"
"新北市中和區","安順里","1570","1471996","938","573","280","1114","1326.78","141.51"
"新北市中和區","宜安里","693","641672","926","600","284","1155","1036.65","111.96"
"新北市中和區","秀義里","877","727104","829","540","277","1076","954.01","115.07"
"新北市中和區","秀士里","768","622922","811","527","247","1030","981.57","121.02"
"新北市中和區","興南里","881","637050","723","473","248","869","864.34","119.53"
"新北市中和區","景本里","616","446283","724","475","219","891","915.21","126.33"
"新北市中和區","中興里","2433","2442217","1004","619","288","1295","1184.25","117.98"
"新北市中和區","吉興里","1078","1091303","1012","607","285","1305","1188.00","117.35"
"新北市中和區","福南里","1319","981272","744","456","227","858","1021.89","137.36"
"新北市中和區","正南里","936","623729","666","455","219","841","742.63","111.44"
"新北市中和區","錦盛里","1135","730819","644","452","242","829","643.15","99.88"
"新北市中和區","中山里","850","682397","803","502","254","925","1092.98","136.14"
"新北市中和區","冠穗里","1043","832057","798","518","251","934","969.10","121.48"
"新北市中和區","嘉慶里","1234","858212","695","456","223","846","806.45","115.96"
"新北市中和區","錦中里","1237","951842","769","493","243","980","943.73","122.65"
"新北市中和區","員富里","1208","1005535","832","526","252","974","1053.42","126.55"
"新北市中和區","民有里","821","562032","685","473","220","853","731.08","106.79"
"新北市中和區","碧河里","1924","2086251","1084","607","285","1339","1400.47","129.16"
"新北市中和區","國華里","1032","796453","772","517","265","999","803.99","104.18"
"新北市中和區","其他","15","23497","1566","322","45","687","4120.18","263.02"
"新北市中和區","合計","133441","116863071","876","537","258","1076","1198.61","136.86"
"新北市土城區","埤塘里","1142","770329","675","453","226","849","706.99","104.81"
"新北市土城區","土城里","608","462936","761","441","225","897","1143.42","150.17"
"新北市土城區","員林里","3345","3866683","1156","724","327","1419","2604.48","225.31"
"新北市土城區","貨饒里","1670","1549238","928","563","276","1134","1203.23","129.70"
"新北市土城區","柑林里","1771","1740499","983","670","308","1276","1077.64","109.65"
"新北市土城區","埤林里","2898","2475523","854","539","259","1052","1031.89","120.80"
"新北市土城區","峯廷里","2110","1279003","606","433","225","762","701.73","115.77"
"新北市土城區","廷寮里","1444","969901","672","464","233","854","719.57","107.13"
"新北市土城區","清水里","2455","1627695","663","440","223","849","753.22","113.61"
"新北市土城區","清化里","448","280315","626","411","188","817","770.51","123.14"
"新北市土城區","大安里","1595","1142324","716","456","239","868","913.01","127.48"
"新北市土城區","永寧里","2627","1924088","732","476","235","944","847.85","115.76"
"新北市土城區","祖田里","467","245771","526","391","210","677","485.97","92.34"
"新北市土城區","頂埔里","1620","1221681","754","482","244","933","945.51","125.38"
"新北市土城區","沛陂里","1658","1200024","724","450","235","872","1018.52","140.72"
"新北市土城區","頂新里","1095","1107964","1012","657","305","1306","1110.02","109.70"
"新北市土城區","長風里","694","577991","833","493","248","1027","1011.58","121.46"
"新北市土城區","頂福里","1653","1087102","658","454","237","810","731.21","111.18"
"新北市土城區","員仁里","1808","1163271","643","413","209","781","786.02","122.17"
"新北市土城區","日新里","1399","940545","672","425","212","852","822.70","122.37"
"新北市土城區","瑞興里","862","683776","793","477","239","864","2475.39","312.06"
"新北市土城區","清溪里","2097","1575443","751","491","238","941","915.78","121.90"
"新北市土城區","清和里","1906","1178318","618","424","226","763","712.80","115.30"
"新北市土城區","永豐里","1425","1227494","861","511","276","1079","1042.28","121.00"
"新北市土城區","日和里","2724","2658917","976","560","275","1198","1251.93","128.26"
"新北市土城區","平和里","2177","1408208","647","435","225","782","1340.63","207.25"
"新北市土城區","樂利里","1605","1147609","715","496","251","906","773.93","108.24"
"新北市土城區","廣福里","1891","1449277","766","514","258","976","827.90","108.02"
"新北市土城區","學府里","1074","792070","737","482","252","906","837.44","113.55"
"新北市土城區","延壽里","1335","821443","615","425","225","775","642.54","104.42"
"新北市土城區","安和里","1653","1132704","685","452","240","853","784.44","114.48"
"新北市土城區","青雲里","1268","1033408","815","560","274","1088","835.66","102.54"
"新北市土城區","員福里","1734","1168840","674","436","226","827","800.96","118.82"
"新北市土城區","延吉里","1114","638431","573","401","202","756","619.66","108.12"
"新北市土城區","復興里","1431","1077014","753","470","248","905","883.21","117.35"
"新北市土城區","裕生里","1767","1384200","783","477","224","1001","1132.14","144.52"
"新北市土城區","員信里","1456","1056257","725","453","234","880","943.58","130.07"
"新北市土城區","延和里","2183","1613155","739","474","238","909","875.26","118.44"
"新北市土城區","學成里","1080","780390","723","482","254","923","758.66","104.99"
"新北市土城區","永富里","1686","1099059","652","444","227","839","711.13","109.09"
"新北市土城區","中正里","1093","833971","763","500","235","989","867.24","113.66"
"新北市土城區","學士里","1754","1624188","926","572","272","1263","1022.43","110.41"
"新北市土城區","明德里","2409","2584572","1073","665","298","1369","1589.18","148.12"
"新北市土城區","廣興里","1192","884270","742","488","255","994","743.74","100.26"
"新北市土城區","青山里","825","539979","655","454","226","854","662.20","101.17"
"新北市土城區","金城里","2030","1484662","731","468","230","966","842.07","115.14"
"新北市土城區","延祿里","1199","720281","601","433","210","777","660.06","109.88"
"新北市土城區","其他","6","2427","405","452","192","511","295.19","72.97"
"新北市土城區","合計","75483","58233247","771","487","243","955","1106.39","143.41"
"新北市瑞芳區","龍潭里","241","174272","723","434","244","883","1016.34","140.55"
"新北市瑞芳區","龍鎮里","365","218849","600","440","220","781","583.11","97.25"
"新北市瑞芳區","龍山里","402","221051","550","400","196","705","544.64","99.05"
"新北市瑞芳區","龍川里","519","310450","598","387","191","764","680.57","113.78"
"新北市瑞芳區","龍安里","163","100808","618","379","224","796","694.91","112.36"
"新北市瑞芳區","柑坪里","301","168171","559","405","212","667","599.67","107.33"
"新北市瑞芳區","爪峯里","1125","584676","520","391","209","670","501.99","96.59"
"新北市瑞芳區","基山里","85","44875","528","325","178","658","575.29","108.97"
"新北市瑞芳區","永慶里","80","42499","531","375","168","685","593.92","111.80"
"新北市瑞芳區","崇文里","71","31282","441","275","162","697","397.97","90.33"
"新北市瑞芳區","福住里","20","24929","1246","580","371","918","2017.99","161.90"
"新北市瑞芳區","頌德里","72","30471","423","362","161","609","319.53","75.50"
"新北市瑞芳區","瓜山里","48","41010","854","470","274","1228","899.91","105.33"
"新北市瑞芳區","石山里","69","54094","784","454","229","914","902.87","115.17"
"新北市瑞芳區","新山里","84","47034","560","420","283","703","505.64","90.30"
"新北市瑞芳區","銅山里","33","19546","592","327","160","645","763.84","128.96"
"新北市瑞芳區","龍興里","629","439463","699","447","223","900","781.64","111.88"
"新北市瑞芳區","濓洞里","113","63975","566","363","174","694","614.25","108.49"
"新北市瑞芳區","吉慶里","539","273911","508","391","204","677","460.38","90.59"
"新北市瑞芳區","傑魚里","560","289440","517","370","178","619","834.16","161.39"
"新北市瑞芳區","上天里","362","177630","491","386","210","574","507.55","103.44"
"新北市瑞芳區","猴硐里","80","43033","538","442","226","710","472.52","87.84"
"新北市瑞芳區","光復里","51","24641","483","335","150","615","493.06","102.05"
"新北市瑞芳區","弓橋里","73","42316","580","314","144","698","724.71","125.02"
"新北市瑞芳區","碩仁里","24","15945","664","338","147","701","861.47","129.67"
"新北市瑞芳區","海濱里","308","170417","553","371","175","671","615.14","111.18"
"新北市瑞芳區","深澳里","271","154871","571","368","178","735","810.48","141.82"
"新北市瑞芳區","鼻頭里","162","99040","611","350","162","739","803.46","131.42"
"新北市瑞芳區","南雅里","56","28615","511","367","148","693","524.27","102.60"
"新北市瑞芳區","吉安里","876","489784","559","405","212","712","605.30","108.26"
"新北市瑞芳區","濓新里","62","23010","371","245","111","527","338.23","91.14"
"新北市瑞芳區","瑞濱里","469","243072","518","397","209","658","476.49","91.94"
"新北市瑞芳區","東和里","460","227224","494","355","184","641","482.58","97.70"
"新北市瑞芳區","新峰里","1055","615056","583","421","217","762","575.35","98.69"
"新北市瑞芳區","其他","2","654","327","327","178","476","421.10","128.83"
"新北市瑞芳區","合計","9830","5536113","563","397","201","711","633.66","112.51"
"新北市平溪區","薯榔里","88","39564","450","371","199","569","408.08","90.77"
"新北市平溪區","白石里","61","27588","452","346","190","576","402.75","89.05"
"新北市平溪區","菁桐里","55","27490","500","392","244","645","420.03","84.04"
"新北市平溪區","平溪里","44","23183","527","347","208","564","563.59","106.96"
"新北市平溪區","石底里","92","63326","688","408","235","821","776.98","112.88"
"新北市平溪區","嶺腳里","132","66522","504","379","159","626","504.60","100.13"
"新北市平溪區","東勢里","74","56971","770","323","183","676","1324.07","171.99"
"新北市平溪區","平湖里","33","20513","622","458","247","709","692.83","111.46"
"新北市平溪區","南山里","81","51846","640","423","203","664","1115.93","174.35"
"新北市平溪區","新寮里","23","13568","590","364","189","567","783.24","132.77"
"新北市平溪區","十分里","146","89385","612","405","219","663","930.49","151.98"
"新北市平溪區","望古里","30","21539","718","520","239","952","741.28","103.25"
"新北市平溪區","其他","0","0","0","0","0","0","0.00","0.00"
"新北市平溪區","合計","859","501495","584","384","208","658","794.93","136.16"
"新北市雙溪區","雙溪里","108","54150","501","370","172","712","453.41","90.43"
"新北市雙溪區","共和里","84","42391","505","406","199","698","464.15","91.97"
"新北市雙溪區","新基里","171","112919","660","439","240","697","992.63","150.32"
"新北市雙溪區","魚行里","160","98959","618","422","221","797","637.95","103.15"
"新北市雙溪區","三港里","76","53858","709","481","253","842","735.86","103.84"
"新北市雙溪區","牡丹里","331","169691","513","390","210","662","508.53","99.19"
"新北市雙溪區","三貂里","68","48623","715","406","230","864","835.25","116.81"
"新北市雙溪區","平林里","236","136571","579","406","178","725","593.20","102.51"
"新北市雙溪區","上林里","137","76081","555","424","245","758","475.17","85.56"
"新北市雙溪區","外柑里","69","41460","601","413","218","717","691.16","115.03"
"新北市雙溪區","長源里","73","51252","702","436","255","812","887.22","126.37"
"新北市雙溪區","泰平里","344","247147","718","437","212","824","1218.55","169.61"
"新北市雙溪區","其他","0","0","0","0","0","0","0.00","0.00"
"新北市雙溪區","合計","1857","1133102","610","413","212","748","793.71","130.08"
"新北市貢寮區","貢寮里","178","93311","524","393","220","649","499.47","95.28"
"新北市貢寮區","雙玉里","145","128411","886","442","227","848","1480.00","167.12"
"新北市貢寮區","龍崗里","91","41217","453","345","218","614","346.94","76.60"
"新北市貢寮區","吉林里","97","54612","563","368","251","731","657.23","116.74"
"新北市貢寮區","龍門里","129","70216","544","376","209","735","504.75","92.73"
"新北市貢寮區","福隆里","345","203925","591","397","199","732","696.48","117.83"
"新北市貢寮區","福連里","154","83228","540","396","174","641","706.66","130.75"
"新北市貢寮區","仁里里","428","250826","586","375","195","691","704.24","120.17"
"新北市貢寮區","真理里","410","238615","582","393","209","722","685.00","117.70"
"新北市貢寮區","美豐里","133","67540","508","377","203","679","469.78","92.51"
"新北市貢寮區","和美里","196","121221","618","430","208","711","984.02","159.10"
"新北市貢寮區","其他","0","0","0","0","0","0","0.00","0.00"
"新北市貢寮區","合計","2306","1353121","587","392","205","709","758.56","129.27"
"新北市金山區","和平里","110","76793","698","449","230","770","821.24","117.64"
"新北市金山區","大同里","180","111917","622","412","228","742","931.20","149.77"
"新北市金山區","豐漁里","102","49675","487","323","172","691","511.19","104.97"
"新北市金山區","磺港里","391","195205","499","356","189","610","546.45","109.45"
"新北市金山區","美田里","1225","761879","622","414","204","802","728.21","117.09"
"新北市金山區","五湖里","478","305172","638","395","216","717","940.75","147.35"
"新北市金山區","重和里","340","229477","675","395","207","693","1194.14","176.93"
"新北市金山區","兩湖里","86","44779","521","258","142","490","740.38","142.19"
"新北市金山區","六股里","160","92816","580","439","217","681","574.64","99.06"
"新北市金山區","三界里","139","87293","628","347","166","718","1753.20","279.17"
"新北市金山區","清泉里","190","119745","630","383","188","672","1241.70","197.02"
"新北市金山區","西湖里","46","36480","793","380","214","818","1256.05","158.38"
"新北市金山區","萬壽里","102","47206","463","353","164","609","428.62","92.61"
"新北市金山區","永興里","122","67183","551","386","185","738","553.24","100.47"
"新北市金山區","金美里","1519","861579","567","395","209","714","634.94","111.94"
"新北市金山區","其他","0","0","0","0","0","0","0.00","0.00"
"新北市金山區","合計","5190","3087200","595","395","202","720","820.74","137.98"
"新北市萬里區","萬里里","1266","721879","570","394","219","683","707.35","124.05"
"新北市萬里區","龜吼里","628","385585","614","373","193","764","763.75","124.39"
"新北市萬里區","野柳里","707","401251","568","392","215","704","642.18","113.15"
"新北市萬里區","大鵬里","716","416841","582","405","210","713","735.79","126.39"
"新北市萬里區","磺潭里","148","93354","631","422","233","758","696.89","110.48"
"新北市萬里區","雙興里","221","159949","724","479","254","867","837.71","115.75"
"新北市萬里區","溪底里","127","84170","663","495","305","787","606.44","91.50"
"新北市萬里區","崁脚里","93","52796","568","381","193","658","836.02","147.27"
"新北市萬里區","中幅里","270","154125","571","385","206","672","665.43","116.57"
"新北市萬里區","北基里","667","311128","466","343","175","596","470.52","100.87"
"新北市萬里區","其他","0","0","0","0","0","0","0.00","0.00"
"新北市萬里區","合計","4843","2781077","574","392","211","699","688.48","119.89"
"新北市淡水區","草東里","257","211013","821","444","206","1072","1017.75","123.96"
"新北市淡水區","長庚里","473","380437","804","485","227","958","1027.57","127.76"
"新北市淡水區","清文里","326","210225","645","405","182","725","993.15","154.01"
"新北市淡水區","鄧公里","2238","2179030","974","586","254","1181","1857.01","190.73"
"新北市淡水區","永吉里","276","187881","681","432","250","897","685.14","100.65"
"新北市淡水區","協元里","406","239106","589","389","181","753","673.97","114.44"
"新北市淡水區","民安里","206","182757","887","401","178","905","2039.67","229.91"
"新北市淡水區","新生里","166","101076","609","425","207","790","609.02","100.02"
"新北市淡水區","文化里","547","381254","697","481","210","936","722.47","103.65"
"新北市淡水區","油車里","1772","1233805","696","430","212","844","981.44","140.95"
"新北市淡水區","沙崙里","1781","1373581","771","453","226","923","1132.37","146.82"
"新北市淡水區","水碓里","1836","1256680","684","450","214","839","857.45","125.27"
"新北市淡水區","北投里","3974","3676323","925","633","284","1226","985.78","106.56"
"新北市淡水區","崁頂里","9292","8399556","904","607","269","1140","1250.42","138.33"
"新北市淡水區","屯山里","295","162307","550","409","216","644","652.62","118.62"
"新北市淡水區","中和里","147","79826","543","405","170","683","544.62","100.29"
"新北市淡水區","水源里","581","389088","670","392","206","806","1167.70","174.36"
"新北市淡水區","忠寮里","288","214787","746","482","244","796","1183.50","158.69"
"新北市淡水區","樹興里","532","505004","949","564","282","1156","1307.01","137.69"
"新北市淡水區","埤島里","725","588588","812","533","248","1026","904.54","111.42"
"新北市淡水區","興仁里","443","312207","705","433","214","776","964.14","136.81"
"新北市淡水區","義山里","698","386980","554","379","198","679","766.89","138.32"
"新北市淡水區","蕃薯里","303","166076","548","381","187","628","683.34","124.67"
"新北市淡水區","忠山里","258","173341","672","418","186","832","863.38","128.51"
"新北市淡水區","賢孝里","432","266912","618","369","187","707","985.47","159.50"
"新北市淡水區","竿蓁里","4633","4760493","1028","638","279","1262","1779.43","173.18"
"新北市淡水區","坪頂里","479","411781","860","491","231","1013","1235.31","143.70"
"新北市淡水區","八勢里","3033","3924295","1294","748","314","1490","2306.53","178.27"
"新北市淡水區","竹圍里","2253","2026117","899","524","254","1146","1138.28","126.57"
"新北市淡水區","中興里","1173","735174","627","414","209","765","692.10","110.43"
"新北市淡水區","福德里","2730","3002214","1100","638","301","1313","1719.62","156.37"
"新北市淡水區","民生里","2761","2423820","878","555","259","1102","1045.71","119.12"
"新北市淡水區","新興里","2670","1930761","723","463","219","942","895.31","123.81"
"新北市淡水區","新義里","1254","760441","606","397","204","735","852.45","140.57"
"新北市淡水區","新春里","3405","2779360","816","544","258","1071","890.48","109.09"
"新北市淡水區","新民里","1556","1277833","821","494","236","1002","1072.14","130.55"
"新北市淡水區","正德里","1713","1251996","731","475","225","972","823.85","112.72"
"新北市淡水區","北新里","1017","828830","815","495","244","1031","1151.32","141.27"
"新北市淡水區","幸福里","1157","796785","689","443","221","875","845.10","122.72"
"新北市淡水區","學府里","1546","1068365","691","433","203","865","839.17","121.43"
"新北市淡水區","民權里","1772","1844998","1041","592","266","1287","1560.92","149.92"
"新北市淡水區","大庄里","4304","3626080","842","511","239","1049","1644.55","195.20"
"新北市淡水區","其他","3","875","292","235","174","381","212.45","72.82"
"新北市淡水區","合計","65711","56708057","863","529","245","1069","1318.22","152.75"
"新北市汐止區","仁德里","646","474067","734","483","242","908","845.75","115.25"
"新北市汐止區","義民里","430","298245","694","452","223","899","843.43","121.60"
"新北市汐止區","禮門里","395","358217","907","516","238","1071","2744.21","302.60"
"新北市汐止區","智慧里","1810","1730194","956","580","280","1204","1227.34","128.40"
"新北市汐止區","信望里","122","98220","805","501","307","983","853.95","106.07"
"新北市汐止區","橋東里","1444","1330103","921","614","268","1208","1008.21","109.45"
"新北市汐止區","茄苳里","1550","1008760","651","462","242","840","676.83","104.00"
"新北市汐止區","保安里","554","323284","584","415","224","743","601.63","103.10"
"新北市汐止區","保長里","1745","1303459","747","508","249","959","846.23","113.29"
"新北市汐止區","鄉長里","802","495253","618","399","204","779","732.27","118.58"
"新北市汐止區","江北里","2119","1434821","677","451","227","840","783.53","115.72"
"新北市汐止區","烘內里","504","305813","607","428","208","790","707.95","116.68"
"新北市汐止區","拱北里","1629","865668","531","389","209","685","537.57","101.16"
"新北市汐止區","樟樹里","706","434480","615","430","205","767","642.57","104.41"
"新北市汐止區","北峰里","1856","1394320","751","487","255","948","847.85","112.86"
"新北市汐止區","北山里","2150","1633947","760","485","246","941","930.68","122.46"
"新北市汐止區","八連里","319","214795","673","425","192","740","1953.67","290.15"
"新北市汐止區","白雲里","1683","1593777","947","537","253","1068","1301.81","137.47"
"新北市汐止區","橫科里","1529","1189584","778","505","260","957","953.43","122.55"
"新北市汐止區","東山里","188","102623","546","326","195","612","700.53","128.33"
"新北市汐止區","新昌里","1915","1653324","863","561","271","1116","991.49","114.84"
"新北市汐止區","秀峰里","1436","1159244","807","468","233","995","1129.72","139.94"
"新北市汐止區","復興里","2873","3277322","1141","670","291","1448","1559.46","136.71"
"新北市汐止區","長安里","532","332126","624","458","227","776","645.29","103.36"
"新北市汐止區","福山里","1403","1635112","1165","618","275","1368","1951.06","167.41"
"新北市汐止區","宜興里","1022","1029714","1008","622","291","1230","1329.23","131.93"
"新北市汐止區","中興里","2935","2311827","788","476","238","948","1434.20","182.08"
"新北市汐止區","湖光里","2499","2897977","1160","596","270","1182","8869.90","764.87"
"新北市汐止區","厚德里","2604","1893648","727","489","249","941","784.74","107.91"
"新北市汐止區","忠孝里","3119","2517818","807","501","245","994","1141.34","141.39"
"新北市汐止區","文化里","1736","1746749","1006","607","289","1244","1221.21","121.37"
"新北市汐止區","自強里","2197","2356458","1073","615","286","1293","1429.28","133.26"
"新北市汐止區","金龍里","1986","1623540","817","525","262","1035","1028.50","125.81"
"新北市汐止區","福德里","1255","897804","715","465","246","924","788.37","110.20"
"新北市汐止區","興福里","1252","945601","755","498","252","932","916.68","121.37"
"新北市汐止區","康福里","2154","1832133","851","565","288","1129","906.96","106.63"
"新北市汐止區","忠山里","1345","1923007","1430","704","319","1623","2421.82","169.39"
"新北市汐止區","環河里","443","321028","725","446","236","928","880.35","121.48"
"新北市汐止區","東勢里","1980","2429982","1227","736","334","1526","1648.30","134.31"
"新北市汐止區","山光里","1200","993072","828","543","276","1086","871.41","105.30"
"新北市汐止區","大同里","1090","916213","841","539","284","1043","996.27","118.52"
"新北市汐止區","崇德里","1803","1442882","800","495","258","991","985.51","123.15"
"新北市汐止區","湖興里","2573","2556233","993","563","268","1113","1813.51","182.54"
"新北市汐止區","長青里","356","500857","1407","700","340","1517","2655.44","188.74"
"新北市汐止區","福安里","2504","2851767","1139","715","330","1528","1235.12","108.45"
"新北市汐止區","秀山里","1761","1777265","1009","555","261","1216","1481.17","146.76"
"新北市汐止區","建成里","2035","1828694","899","561","274","1155","1198.80","133.40"
"新北市汐止區","城中里","1735","1564764","902","588","276","1147","1065.35","118.12"
"新北市汐止區","湖蓮里","1200","1531106","1276","781","345","1579","1750.23","137.17"
"新北市汐止區","保新里","1100","700599","637","454","222","794","808.20","126.89"
"新北市汐止區","其他","6","2401","400","456","313","478","116.21","29.04"
"新北市汐止區","合計","74230","66039900","890","534","260","1074","2039.72","229.27"
"新北市三芝區","八賢里","69","25685","372","303","116","439","449.19","120.67"
"新北市三芝區","埔頭里","1554","751856","484","360","188","633","468.05","96.74"
"新北市三芝區","古庄里","333","181360","545","377","185","712","573.23","105.25"
"新北市三芝區","新庄里","192","97495","508","341","195","696","482.18","94.96"
"新北市三芝區","埔坪里","1851","940034","508","342","179","638","556.32","109.54"
"新北市三芝區","茂長里","169","104755","620","449","205","803","670.51","108.17"
"新北市三芝區","橫山里","99","61953","626","415","211","810","644.35","102.97"
"新北市三芝區","錫板里","170","96490","568","371","180","716","646.75","113.95"
"新北市三芝區","後厝里","649","499786","770","419","190","801","1480.99","192.31"
"新北市三芝區","福德里","227","178965","788","449","208","969","1421.42","180.29"
"新北市三芝區","圓山里","126","71762","570","377","210","729","598.89","105.15"
"新北市三芝區","店子里","145","81971","565","407","189","716","617.54","109.24"
"新北市三芝區","興華里","353","230167","652","420","210","749","906.71","139.06"
"新北市三芝區","其他","0","0","0","0","0","0","0.00","0.00"
"新北市三芝區","合計","5937","3322278","560","369","188","693","778.28","139.08"
"新北市石門區","德茂里","280","148186","529","346","209","631","702.41","132.72"
"新北市石門區","富基里","349","185339","531","384","192","694","521.14","98.13"
"新北市石門區","老梅里","523","311836","596","372","189","708","994.43","166.78"
"新北市石門區","山溪里","232","120709","520","347","180","658","594.51","114.26"
"新北市石門區","石門里","452","289136","640","404","202","787","791.31","123.70"
"新北市石門區","尖鹿里","423","239407","566","366","205","684","671.36","118.62"
"新北市石門區","乾華里","70","40364","577","389","232","681","591.27","102.54"
"新北市石門區","茂林里","167","98281","589","386","197","748","724.87","123.17"
"新北市石門區","草里里","207","103825","502","373","182","679","536.10","106.89"
"新北市石門區","其他","0","0","0","0","0","0","0.00","0.00"
"新北市石門區","合計","2703","1537084","569","372","194","695","739.68","130.07"
"新北市八里區","龍源里","2539","1961737","773","459","232","892","1053.87","136.40"
"新北市八里區","米倉里","1231","894984","727","467","213","866","985.77","135.59"
"新北市八里區","大崁里","1140","828063","726","481","232","902","857.32","118.03"
"新北市八里區","埤頭里","1495","972222","650","424","213","787","937.35","144.14"
"新北市八里區","頂罟里","749","516378","689","443","225","859","769.10","111.56"
"新北市八里區","舊城里","2192","1247362","569","401","207","706","604.91","106.30"
"新北市八里區","訊塘里","1775","1236487","697","471","233","866","797.54","114.49"
"新北市八里區","荖阡里","476","314556","661","407","212","824","796.47","120.53"
"新北市八里區","下罟里","480","301788","629","395","195","722","842.76","134.04"
"新北市八里區","長坑里","424","269484","636","439","227","743","743.60","117.00"
"新北市八里區","其他","1","899","899","899","899","899","0.00","0.00"
"新北市八里區","合計","12502","8543961","683","440","221","823","870.36","127.36"
"新北市永和區","下溪里","1567","1711696","1092","654","289","1348","1781.67","163.11"
"新北市永和區","中溪里","1714","1564480","913","540","269","1079","1114.84","122.14"
"新北市永和區","上溪里","680","618616","910","560","255","1168","1126.61","123.84"
"新北市永和區","後溪里","752","850129","1130","656","303","1400","1354.77","119.84"
"新北市永和區","頂溪里","857","793079","925","595","266","1223","1115.68","120.56"
"新北市永和區","網溪里","369","297930","807","574","255","1047","849.58","105.22"
"新北市永和區","復興里","841","765606","910","549","234","1124","1080.09","118.65"
"新北市永和區","竹林里","1220","1074418","881","570","276","1094","1042.66","118.39"
"新北市永和區","中興里","1145","1323915","1156","610","292","1314","2056.02","177.82"
"新北市永和區","店街里","1464","1731344","1183","675","299","1410","1727.41","146.07"
"新北市永和區","潭墘里","1600","1780061","1113","634","286","1374","1587.08","142.65"
"新北市永和區","水源里","1294","1149921","889","561","280","1135","1001.38","112.68"
"新北市永和區","秀朗里","1171","967154","826","536","268","1041","944.41","114.35"
"新北市永和區","大同里","326","306861","941","542","280","1065","1289.81","137.03"
"新北市永和區","永成里","249","149894","602","456","202","779","581.83","96.65"
"新北市永和區","福和里","1909","2048274","1073","670","308","1334","1331.34","124.08"
"新北市永和區","豫溪里","1221","1172878","961","587","261","1160","1429.40","148.80"
"新北市永和區","上林里","1164","1108213","952","591","280","1207","1206.76","126.75"
"新北市永和區","新廍里","715","657765","920","554","250","1163","1179.44","128.21"
"新北市永和區","和平里","1636","1524144","932","549","252","1106","1238.58","132.95"
"新北市永和區","仁愛里","957","992055","1037","595","274","1242","1279.94","123.47"
"新北市永和區","前溪里","707","705629","998","611","276","1214","1639.72","164.29"
"新北市永和區","永興里","985","932285","946","567","269","1195","1169.58","123.57"
"新北市永和區","永安里","1441","1746304","1212","661","303","1399","2874.58","237.20"
"新北市永和區","雙和里","1371","1330735","971","621","283","1213","1226.49","126.36"
"新北市永和區","得和里","1492","1513526","1014","605","295","1238","1430.02","140.97"
"新北市永和區","大新里","930","943038","1014","618","309","1288","1539.46","151.82"
"新北市永和區","桂林里","1203","1094604","910","555","255","1051","1198.31","131.70"
"新北市永和區","勵行里","401","347517","867","591","277","1167","896.67","103.47"
"新北市永和區","光復里","587","557760","950","618","274","1237","1055.14","111.05"
"新北市永和區","光明里","1039","995532","958","640","301","1204","1075.42","112.24"
"新北市永和區","信義里","934","963374","1031","650","277","1316","1248.58","121.05"
"新北市永和區","正興里","795","752804","947","577","268","1137","1185.76","125.22"
"新北市永和區","忠義里","193","139878","725","458","225","846","947.80","130.78"
"新北市永和區","新生里","286","377246","1319","596","257","1552","2265.93","171.79"
"新北市永和區","河堤里","1249","1484076","1188","669","305","1380","1931.83","162.58"
"新北市永和區","民治里","929","835788","900","515","232","1090","1464.84","162.82"
"新北市永和區","智光里","945","701188","742","495","237","941","828.57","111.67"
"新北市永和區","秀和里","1680","2066725","1230","566","280","1182","9628.16","782.65"
"新北市永和區","潭安里","1603","1467057","915","583","291","1239","991.63","108.35"
"新北市永和區","永貞里","1119","1054769","943","583","274","1183","1140.86","121.03"
"新北市永和區","福林里","1090","873990","802","507","242","1011","914.61","114.07"
"新北市永和區","安和里","1365","1293816","948","615","280","1180","1188.43","125.38"
"新北市永和區","文化里","900","874914","972","512","239","1108","2021.86","207.98"
"新北市永和區","民權里","1515","1433200","946","562","262","1163","1264.99","133.72"
"新北市永和區","民生里","1206","996275","826","518","242","1085","945.11","114.41"
"新北市永和區","永福里","900","913109","1015","610","287","1175","1665.32","164.14"
"新北市永和區","河濱里","1083","1115014","1030","577","266","1239","1745.11","169.50"
"新北市永和區","永元里","1590","1496915","941","565","275","1176","1187.93","126.18"
"新北市永和區","秀成里","894","753610","843","537","259","1037","986.91","117.08"
"新北市永和區","秀林里","1291","1451878","1125","636","289","1410","1773.14","157.67"
"新北市永和區","秀得里","893","717299","803","560","259","1129","781.71","97.32"
"新北市永和區","民族里","1485","1537591","1035","616","282","1277","1470.80","142.05"
"新北市永和區","民本里","1306","1459329","1117","656","300","1320","1529.50","136.88"
"新北市永和區","民樂里","1499","1934478","1291","655","289","1325","4795.86","371.62"
"新北市永和區","協和里","874","711552","814","543","263","1036","945.57","116.14"
"新北市永和區","保平里","1586","1651802","1041","622","275","1304","1701.96","163.42"
"新北市永和區","保安里","2510","2785877","1110","647","309","1386","1444.53","130.15"
"新北市永和區","民富里","856","738629","863","566","275","1139","939.36","108.86"
"新北市永和區","秀元里","985","836488","849","529","240","1122","981.57","115.58"
"新北市永和區","永樂里","809","704615","871","527","262","1075","1095.07","125.73"
"新北市永和區","保順里","3925","5113360","1303","754","328","1688","1738.29","133.43"
"新北市永和區","其他","8","5989","749","499","188","799","961.62","128.46"
"新北市永和區","合計","71310","71998000","1010","597","277","1225","2148.49","212.80"
"新北市其他","其他","31","32500","1048","589","255","1210","1355.04","129.25"
"新北市其他","合計","31","32500","1048","589","255","1210","1355.04","129.25"
