"學年度","學制","行政區","學校名稱","基本學區原文","自由學區原文","備註原文","頁碼"
"115","國小","板橋區","板橋國小","留侯里、流芳里、
赤松里、黃石里、
挹秀里、自強里、
光華里、新興里、
民權里、民安里、
建國里","一、湳興里【板
橋、大觀、後
埔國小自由
學區】
二、漢生里【板
橋、文德國小
自由學區】
三、光榮里、社後
里(1-3鄰)
【板橋、國光
國小自由學
區】","◎自立里可經里
辦公處證明後
請板橋國小考
量配合就讀。
◎社後里5-7鄰
自110學年度
起每年開放
10名學童經
里辦公處證明
後可申請就讀
板橋國小，惟
須符合額滿學
校之相關申請
程序。","2"
"115","國小","板橋區","後埔國小","廣德里、福德里(1
-7、26-28鄰)、
仁愛里、福星里、
大豐里、華興里、
鄉雲里、華貴里、
華福里、華東里(1
-6、19-21鄰)、
景星里","一、重慶里(5-
13、17-19、
21-25、30-
31、33-35
鄰)【後埔、
重慶國小自
由學區】
二、後埔里(1-
13鄰)【後
埔、實踐國小
自由學區】
三、湳興里【後
埔、大觀、板
橋國小自由
學區】","◎後埔里(14-17
鄰)可經里辦
公處證明後請
後埔國小考量
配合就讀。
◎華東里105年
11月進行里鄰
整編，原第4
鄰改劃為第
20、21鄰，原
第5鄰改劃為
第6鄰，原第6
鄰併入第8、10
鄰。","2"
"115","國小","板橋區","新埔國小","忠誠里、陽明里、
宏翠里(1鄰除
外)、仁翠里、新埔
里、新翠里、朝陽
里、吉翠里、滿翠
里、明翠里、介壽
里、百壽里、新民
里(2-9、26鄰)、
文化里(1-6鄰)","一、文化里(7-
17鄰)【新
埔、莒光國小
自由學區】
二、聯翠里【新
埔、江翠國小
自由學區】
三、宏翠里1鄰【新
埔、文德國小
自由學區】
四、文德里12鄰
【新埔、文德
國小自由學
區】
五、聯翠里【江
翠、新埔、莒
光國小自由
學區】","◎文化里(1-6
鄰)可經里辦公
處證明後請莒
聯翠里變更為【江
翠、新埔、莒光國
小自由學區】
調整備註
光國小考量配
合就讀。(5名
為限)
◎介壽里、百壽里
有兄姊在莒光
國小就讀者，可
選擇莒光國小
就讀。
◎文德里12鄰自
112學年度起調
整為文德國小
及新埔國小自
由學區，惟須符
合額滿學校之
相關申請程序。","2"
"115","國小","板橋區","埔墘國小","埔墘里(18-23
鄰)、雙玉里、振
興里、振義里、廣
新里、玉光里、光
仁里、西安里、東
丘里、民生里、九
如里(12、13鄰除
外)、正泰里、港
嘴里(8-17、21、
25鄰)","一、莊敬里【埔
墘、莒光國小
自由學區】
二、埤墘里【埔
墘、莒光國小
自由學區】","","3"
"115","國小","板橋區","海山國小","一、民族里、深丘
里、香丘里、
海山里、長安
里、東安里、
福丘里(8-19
鄰)、九如里
(12、13鄰)、
新民里(1、10
-25鄰)
二、中和區瑞穗里
(1-6鄰)、
員山里(11-
22、25-35、
37-42鄰)","","調整備註","3"
"115","國小","板橋區","江翠國小","江翠里、純翠里、
柏翠里、文翠里、
溪頭里、松翠里(1
-8、14-16鄰)","一、青翠里、松翠
里(9-13、
17、18鄰)【江
翠、文聖國小
自由學區】
二、聯翠里【江
翠、新埔、莒
光國小自由
學區】","聯翠里變更為【江
翠、新埔、莒光國
小自由學區】","4"
"115","國小","板橋區","莒光國小","永安里、華翠里、
莒光里、忠翠里、
華江里","一、文化里(7-
17鄰)【莒
光、新埔國小
自由學區】
二、莊敬里【莒
光、埔墘國小
自由學區】
三、港嘴里(1-
3、18、22-
24鄰)【莒
光、文聖國小
自由學區】
四、埤墘里【莒
光、埔墘國小
自由學區】
五、聯翠里【江
翠、新埔、莒
光國小自由
學區】","◎介壽里、百壽里
有兄姊在莒光
國小就讀者，可
選擇莒光國小
就讀。
◎文化里(1-6
鄰)可經里辦公
處證明後請莒
光國小考量配
合就讀。(5名
為限)
聯翠里變更為【江
翠、新埔、莒光國
小自由學區】","4"
"115","國小","板橋區","國光國小","香社里、香雅里、
社後里(4-28
鄰)、中正里、港
德里(1-19、21-
23鄰)、國光里(1
-16鄰)、自立里","一、光榮里、社後
里(1-3鄰)
【國光、板橋
國小自由學
區】
二、港尾里【國
光、文德國小
自由學區】","◎港德里可經里
辦公處證明後
請文德國小考
調整備註
量配合就讀。
◎自立里可經里
辦公處證明後
請板橋國小考
量配合就讀。
◎國光里(1-16
鄰)可經里辦公
處證明後請文
德國小考量配
合就讀(5名為
限)；中正里
(12-18、25、27
鄰)自112學年
度起及中正里
24鄰自114學
年度起可經里
辦公處證明後
請文德國小考
量配合就讀(10
名為限)。
◎社後里5-7鄰
自110學年度
起每年開放10
名學童經里辦
公處證明後可
申請就讀板橋
國小，惟須符合
額滿學校之相
關申請程序。","4"
"115","國小","板橋區","中山國小","大安里、福安里、
聚安里、龍安里、
中山里、復興里","","","5"
"115","國小","板橋區","沙崙國小","溪北里、崑崙里、
成和里","","◎108學年度調
整過渡期間，
溪洲里、溪福
調整備註
里、堂春里學
生仍可就讀沙
崙國小。
◎109學年度起
溪洲里、溪福
里、堂春里正
式調整為溪
洲國小基本
學區，並於
109學年度學
區調整會議
中研議開放
上述3里每里
5名學童申請
就讀沙崙國
小之相關措
施。
◎110學年度起
取消溪洲
里、溪福里與
堂春里每里5
位名額就讀
沙崙國小。","5"
"115","國小","板橋區","文聖國小","嵐翠里、文聖里、
福翠里、懷翠里、
龍翠里、松柏里、
港嘴里(4-7、19、
20鄰)","一、青翠里、松翠
里(9-13、
17、18鄰)【文
聖、江翠國小
自由學區】
二、港嘴里(1-
3、18、22-
24鄰)【文
聖、莒光國小
自由學區】","","6"
"115","國小","板橋區","文德國小","德翠里、新海里、
公舘里、幸福里、
文德里(12鄰除
外)、新生里、金
華里、國光里(17
-20鄰)、港德里
(20、24-29鄰)","一、漢生里【文
德、板橋國小
自由學區】
二、港尾里【文
德、國光國小
自由學區】
三、宏翠里1鄰【文
德、新埔國小
自由學區】
四、文德里12鄰
【文德、新埔
國小自由學
區】","◎港德里可經
里辦公處證
調整備註
明後請文德
國小考量配
合就讀。
◎國光里(1-16
鄰)可經里辦
公處證明後
請文德國小
考量配合就
讀(5名為
限)；中正里
(12-18、25、
27鄰)自112
學年度起及
中正里24鄰
自114學年度
起可經里辦
公處證明後
請文德國小
考量配合就
讀(10名為
限)。
◎文德里12鄰
自112學年度
起調整為文
德國小及新
埔國小自由
學區，惟須符
合額滿學校
之相關申請
程序。","6"
"115","國小","板橋區","實踐國小","一、福祿里、福德
里(8-25
鄰)、國泰里、
後埔里(14-
17鄰)、福丘
里(1-7鄰)
二、中和區民生
里、國光里(1
-12、23-39
鄰)、德穗里
(1-7、26-
29鄰)","一、後埔里(1-
13鄰)【實
踐、後埔國小
自由學區】
二、中和區國光里
(13-22鄰)
【實踐、中和
區自強國小
自由學區】","◎後埔里(14-17
鄰)可經里辦公
處證明後請後
埔國小考量配
調整備註
合就讀。","7"
"115","國小","板橋區","大觀國小","華中里、僑中里、
大觀里、歡園里、
浮洲里","湳興里【大觀、板
橋、後埔國小自由
學區】","109年3月2日起
浮洲里調整:
一、大觀路1段
38巷8、
10、12、16
號，原21
鄰併至24
鄰。
二、大觀路1段
38巷18、
20、22、26
號，原21
鄰併至25
鄰。","8"
"115","國小","板橋區","溪洲國小","溪洲里、溪福里、
堂春里","","◎108學年度調
整過渡期
間，溪洲里、
溪福里、堂春
里學生仍可
就讀沙崙國
小。
◎109學年度起
溪洲里、溪福
里、堂春里正
式調整為溪
洲國小基本
學區，並於
調整備註
109學年度學
區調整會議
中研議開放
上述3里每里
5名學童申請
就讀沙崙國
小之相關措
施。
◎110學年度起
取消溪洲
里、溪福里與
堂春里每里5
位名額就讀
沙崙國小。","8"
"115","國小","板橋區","信義國小","一、華德里、信義
里、華東里(除
1-6、19-21鄰)
二、土城區瑞興
里、復興里","一、土城區貨饒里
【信義、土城
區樂利國小
自由學區】
二、土城區廣興里
(6-18鄰)
【信義、土城
區廣福國小
自由學區】","◎華東里105年
11月進行里
鄰整編，原第
4鄰改劃為第
20、21鄰，原
第5鄰改劃為
第6鄰，原第
6鄰併入第
8、10鄰。","9"
"115","國小","板橋區","重慶國小","和平里、廣福里、
五權里、重慶里(1
-4、14-16、20、
26-29、32、36-
38鄰)","一、重慶里(5-
13、17-19、
21-25、30-
31、33-35
鄰)【重慶、
後埔國小自
由學區】
二、中和區壽德
里、明德里
【重慶、中和
區自強國小
自由學區】","調整備註","9"
"115","國小","板橋區","中和區光復國小","福壽里、居仁里、
富貴里、長壽里、
光復里、埔墘里(1
-17鄰)","","◎106學年度前
(含106學年
度)開放為板
橋區、中和區
全區自由學
區。
◎107學年度
起，板橋區海
山、莒光、埔
墘國小及板
橋區宏翠里
之學童仍可
就讀光復國
小，其餘板橋
區及中和區
之學童回歸
原學區就
讀。上述3校
及板橋區宏
翠里外之學
童，倘有兄姐
現就讀光復
國小，得提出
申請隨兄姐
就讀。
◎111學年度
起，取消中和
區積穗國小
學區內學童
至光復國小
就讀，倘有兄
姐現就讀光
復國小，得提
出申請隨兄
姐就讀。","10"
"115","國小","土城區","土城國小","土城里、埤塘里、
員仁里、員信里、
員林里、員福里、
大安里、長風里","一、柑林里(1-
15、17-18
鄰)【土城、
樂利、廣福、
清水國小自
由學區】
二、永寧里【土
城、頂埔國小
自由學區】","","11"
"115","國小","土城區","清水國小","清水里、永豐里、
永富里、清和里、
青雲里(1-10、17
-18鄰)、清化里、
廷寮里、清溪里(8
-10、15-43、45
-47、50-53鄰)、
青山里","一、柑林里(1-
15、17-18
鄰)【清水、
土城、樂利、
廣福國小自
由學區】
二、金城里、峰廷
里、延吉里、
清溪里(1-
7、11-14、
44、48-49
鄰)【清水、
安和國小自
由學區】","","11"
"115","國小","土城區","安和國小","安和里、延和里","一、平和里、延壽
里、延祿里
【安和、中和
區自強國小
自由學區】
二、金城里、峰廷
里、延吉里、
清溪里(1-
7、11-14、
44、48-49
鄰)【安和、
清水國小自
由學區】","調整備註","11"
"115","國小","土城區","廣福國小","埤林里(8、10-
19、21-38鄰)、
廣興里(1-5鄰)、
學府里(1-5、10
-12、14-22鄰)、
廣福里、柑林里
(16、19-21鄰)、
學士里、中正里、
學成里(1-14、18
鄰)、青雲里(11
-16、19-21鄰)","一、柑林里(1-
15、17-18
鄰)【廣福、
土城、樂利、
清水國小自
由學區】
二、學府里(6-
9、13鄰)、
埤林里(1-
7、9、20鄰)
【廣福、樂利
國小自由學
區】
三、廣興里(6-
18鄰)【廣
福、板橋區信
義國小自由
學區】","","12"
"115","國小","土城區","頂埔國小","祖田里、頂新里、
頂福里、頂埔里、
沛陂里","永寧里【頂埔、土
城國小自由學區】","","12"
"115","國小","土城區","樂利國小","日新里、日和里、
裕生里、樂利里、
明德里、學成里(15
-17鄰)","一、貨饒里【樂
利、板橋區信
義國小自由
學區】
二、學府里(6-
9、13鄰)、
埤林里(1-
7、9、20鄰)
【樂利、廣福
國小自由學
區】
三、柑林里(1-
15、17-18
鄰)【樂利、
土城、廣福、
清水國小自
由學區】","調整備註","12"
"115","國小","土城區","板橋區信義國小","一、華德里、信義
里、華東里(除
1-6、19-21鄰)
二、土城區瑞興
里、復興里","一、土城區貨饒里
【板橋區信
義、土城區樂
利國小自由
學區】
二、土城區廣興里
(6-18鄰)
【板橋區信
義、土城區廣
福國小自由
學區】","◎華東里105年
11月進行里
鄰整編，原第
4鄰改劃為第
20、21鄰，
原第5鄰改
劃為第6
鄰，原第6鄰
併入第8、10
鄰。","13"
"115","國小","樹林區","三多國小","三興里、三福里、
三龍里(16鄰除
外)、三多里(6
-10、15、17-21
鄰)","一、圳生里(2-9
鄰)【三多、
武林、文林國
小自由學區】
二、三多里(1-
5、11-14、
16鄰)【三
多、武林國小
自由學區】
三、三龍里16鄰
【三多、新
莊區裕民國
小之自由學
區】","◎111學年度
起，三龍里16
鄰調整為三
多國小與新
莊區裕民國
小之自由學
區。","14"
"115","國小","樹林區","武林國小","光興里、金寮里、
獇寮里","一、潭底里(1-
10鄰)【武
林、文林、樹
林國小自由
學區】
二、圳安里(3
鄰)、圳民里
(16鄰)【武
林、文林國小
自由學區】
三、圳生里(2-9
鄰)【武林、
三多、文林國
小自由學區】
四、三多里(1-
5、11-14、
16鄰)【武
林、三多國小
自由學區】","調整備註","14"
"115","國小","樹林區","文林國小","一、文林里、保安
里、圳福里、
圳安里(1-
2、4-23
鄰)、潭底里
(11-33
鄰)、圳生里
(1、10、11
鄰)、圳民里
(1-15
鄰)、樹福里
(19鄰)
二、新莊區西盛里
(14-18
鄰、25-29
鄰)","一、圳安里(3
鄰)、圳民里
(16鄰)【文
林、武林國小
自由學區】
二、潭底里(1-
10鄰)【文
林、武林、樹
林國小自由
學區】
三、圳生里(2-9
鄰)【文林、
三多、武林國
小自由學區】
四、新莊區西盛里
(12鄰)【文
林國小、新莊
區光華國小
自由學區】","","15"
"115","國小","樹林區","樹林國小","樹北里、樹西里、
育英里、樹德里、
樹興里、樹東里(1
-10、12鄰)、
樹福里(1-18、
20鄰)、樹人里
(7-21鄰)、樹
南里(1-11、24
-29鄰)","潭底里(1-10鄰)
【樹林、文林、武
林國小自由學區】","","15"
"115","國小","樹林區","育林國小","坡內里、東昇里(1
-8、17-28鄰)、
樹人里(1-6
鄰)、樹南里(12
-23鄰)","","","15"
"115","國小","樹林區","大同國小","樹東里(11、16
鄰)、太順里、中
華里、大同里、和
平里(1、2、3、
18、19、20、28
鄰)、東陽里、東
昇里(9-16鄰)、
東山里(1鄰)、
彭厝里、彭興里
(1、2鄰)","一、彭福里(1-
4、17-20鄰)
【大同、彭福
國小自由學
區】
二、樹東里(13
鄰)【大同、
彭福國小自
由學區】","調整備註","15"
"115","國小","樹林區","彭福國小","和平里(4-17、
21-27鄰)、樹
東里(14、15鄰)、
彭興里(3-41
鄰)、彭福里(5
-16、21-33鄰)","一、彭福里(1-
4、17-20鄰)
【彭福、大同
國小自由學
區】
二、樹東里(13
鄰)【彭福、
大同國小自
由學區】","","16"
"115","國小","樹林區","山佳國小","東山里(2-20
鄰)、山佳里(5
-18鄰)","山佳里(1-4、19
-21鄰)、中山
里(1、22、23鄰)
【山佳、育德國小
自由學區】","","16"
"115","國小","樹林區","育德國小","中山里(2-21、
24、25鄰)、樂
山里","山佳里(1-4、19
-21鄰)、中山
里(1、22、23鄰)
【育德、山佳國小
自由學區】","","16"
"115","國小","樹林區","柑園國小","柑園里(1-6、9
-12鄰)、北園
里、西園里、東園
里","柑園里(7鄰)、
南園里(1、3、4、
7鄰)【柑園、桃
子腳國中小國小
部自由學區】","","16"
"115","國小","樹林區","桃子腳國中小國小部","南園里(2、5、6、
8-52鄰)、柑園
里(8、13-37鄰)","柑園里(7鄰)、
南園里(1、3、4、
7鄰)【桃子腳國
民中小學國小
部、柑園國小自由
學區】","調整備註","16"
"115","國小","鶯歌區","鶯歌國小","永昌里(13-19
鄰)、同慶里、南
靖里(9、10、11、
16、20鄰除外)、
中鶯里、北鶯里(1
-6、8、12-20
鄰)、建德里、東
鶯里、尖山里(1
-4、9、11-15
鄰)","一、北鶯里(7、9、
10、11鄰)
【鶯歌、建國
國小自由學
區】
二、南靖里9、10、
11、16、20
鄰【鶯歌、三
峽區三峽國
小自由學區】
三、三峽文化部落
龍恩里30、
31鄰自由學
區【鶯歌、建
國、三峽區龍
埔、北大、三
峽國小自由
學區】
四、尖山里5、10
鄰【鶯歌、二
橋國小自由
學區】","◎114學年度
起，尖山里
(5、10鄰)為
【鶯歌、二橋
國小自由學
區】","18"
"115","國小","鶯歌區","鳳鳴國小","鳳鳴里、鳳福里、
鳳祥里(23-33
鄰)","一、大湖里【鳳
鳴、中湖國小
自由學區】
二、鳳祥里(9-22
鄰)【鳳鳴、
永吉國小自
由學區】
三、桃園市八德區
大發里(6【福
德1路177巷
除外】、19-21
鄰)【鳳鳴國
小、桃園市八
德區大安國
小自由學區】
四、桃園市八德區
大明里
(16-19鄰)
【鳳鳴、桃園
市八德區建
國、大安自由
學區】","調整備註","18"
"115","國小","鶯歌區","二橋國小","二橋里、二甲里、
尖山里(6、7、8、
16鄰)","尖山里5、10鄰
【鶯歌、二橋國小
自由學區】","◎114學年度
起，尖山里
(5、10鄰)為
【鶯歌、二橋
國小自由學
區】","19"
"115","國小","鶯歌區","中湖國小","東湖里、中湖里(4
-25鄰)","一、大湖里【鳳
鳴、中湖國小
自由學區】
二、中湖里(1-3
鄰)【中湖、
建國、昌福國
小自由學區】","","19"
"115","國小","鶯歌區","建國國小","建國里、西鶯里、
南鶯里","一、中湖里(1-3
鄰)【建國、
中湖、昌福國
小自由學區】
二、北鶯里(7、9、
10、11鄰)
【建國、鶯歌
國小自由學
區】
三、三峽文化部落
龍恩里30、
31鄰自由學
區【建國、鶯
歌、三峽區龍
埔、北大、三
峽國小自由
學區】","調整備註","19"
"115","國小","鶯歌區","永吉國小","永吉里、鳳祥里(1
-8鄰)","一、鳳祥里(9-22
鄰)【永吉、
鳳鳴國小自
由學區】
二、桃園市八德
區大發里6
鄰福德一路
177巷【永吉
國小、桃園市
八德區大安
國小自由學
區】
三、桃園市八德
區大發里7-8
鄰【永吉、桃
園市八德區
大安國小自
由學區】","◎103學年度起
桃園市八德
區大發里6
鄰福德一路
177巷為永
吉、鳳鳴、桃
園市八德區
大安國小自
由學區。
◎103學年度桃
園市八德區
大發里7-8
鄰為永吉、桃
園市八德區
大安國小自
由學區。","20"
"115","國小","鶯歌區","昌福國小","永昌里(1-12、
20-22鄰)、中
湖里(26-27鄰)","中湖里(1-3鄰)
【昌福、建國、中
湖國小自由學區】","","20"
"115","國小","三峽區","龍埔國小","龍學里、龍恩里
(1、11-14鄰)、
龍埔里(1-8鄰)","三峽文化部落龍
恩里30、31鄰自
由學區【龍埔、北
大、三峽、鶯歌區
鶯歌、建國國小自
由學區】","◎龍恩里
(2-10、
15-29鄰)、
龍埔里(9-20
鄰)105學年
度起調整為
北大國小學
區。","21"
"115","國小","三峽區","北大國小","龍埔里(9-36
鄰)、龍恩里
(2-10、15-29
鄰)、
永舘里(1、22-25
鄰)","三峽文化部落龍
恩里30、31鄰自
由學區【龍埔、北
大、三峽、鶯歌區
鶯歌、建國國小自
由學區】","105學年度起開始
招生。","21"
"115","國小","三峽區","三峽國小","永舘里(2-21
鄰)、秀川里、鳶
山里、三峽里","一、三峽文化部落
龍恩里30、
31鄰自由學
區【三峽、北
大、龍埔、鶯
歌區鶯歌、建
國國小自由
學區】
二、鶯歌區南靖里
(9、10、11、
16、20鄰)
【三峽、鶯歌
國小自由學
區】","◎永舘里(1、
22-25鄰)及
龍埔里(21
-36鄰)105
學年度起調
整為北大國
小學區。","21"
"115","國小","三峽區","中園國小","中埔里、弘道里、
八張里、大埔里(1
-5鄰)","","","21"
"115","國小","三峽區","大埔國小","大埔里(6-22
鄰)、金圳里(1
-6鄰)、二鬮里","","開放為全市自由
學區。
調整備註","21"
"115","國小","三峽區","成福國小","溪東里、成福里(1
-8、12-15鄰)","溪南里、溪北里
【成福、介壽國小
自由學區】","","22"
"115","國小","三峽區","大成國小","竹崙里、成福里(9
-11、16鄰)","","開放為全市自由
學區。","22"
"115","國小","三峽區","民義國小","嘉添里、添福里","中正里正義街
【民義、介壽國小
自由學區】","開放為全市自由
學區。","22"
"115","國小","三峽區","建安國小","安坑里","","105學年度起開放
為全市自由學區。","22"
"115","國小","三峽區","有木國小","有木里","","開放為全市自由
學區。","22"
"115","國小","三峽區","五寮國小","五寮里","","開放為全市自由
學區。","22"
"115","國小","三峽區","安溪國小","礁溪里(17-37
鄰)、安溪里","","","22"
"115","國小","三峽區","介壽國小","礁溪里(1-16
鄰)、介壽里、中
正里","溪南里、溪北里
【介壽、成福國小
自由學區】
中正里正義街
【民義、介壽國小
自由學區】","","22"
"115","國小","中和區","中和國小","廟美里、福善里、
福真里、福和里、
連和里、連城里、
枋寮里、漳和里、
泰安里、景安里、
景文里、正行里、
南山里(1-7、10
-38鄰)、力行里
(1-10、16-18、
32、34-38鄰)、
新南里(1-25、28
-48鄰)、和興里
(4-14、19、21-
24、27、28、30、
42鄰)、瓦磘里
(16、21、22、27
鄰)、佳和里(1-
6、30-40鄰)","一、中原里(1-
6、15-17、
21-24鄰)
【中和、光復
國小自由學
區】
二、景平里(1-
8、28-33鄰)
【中和、復
興、景新國小
自由學區】
三、中原里(9、
11、12、18
-20鄰)【中
和、積穗、光
復國小自由
學區】
四、福祥里、福美
里、佳和里(7
-29鄰)、
瓦磘里(1-
15、17-20、
23-26、28、
29鄰)【中
和、永和區永
平國小自由
學區】
五、碧河里(19、
22鄰)【中
和、錦和國小
自由學區】
六、永和區雙和里
【中和國
小、永和區永
和、永平國小
自由學區】
七、平河里1-3鄰
【積穗、中和
國小自由學
區】","調整備註","23"
"115","國小","中和區","興南國小","華新里、頂南里、
正南里、東南里、
華南里、內南里、
壽南里、福南里、
橫路里、景新里、
忠孝里、景福里
(35-37、43-44
鄰)","","","24"
"115","國小","中和區","積穗國小","嘉慶里、嘉穗里、
嘉新里、民安里、
安穗里、信和里、
文元里、積穗里(1
-9、12-31、34
-45鄰)、平河里
(4-67鄰)、員
山里(1-10、23、
24、36鄰)","一、灰磘里(7鄰)
【積穗、錦和
國小自由學
區】
二、中原里(9、
11、12、18
-20鄰)【積
穗、中和、光
復國小自由
學區】
三、中原里(7、8、
10、13、14
鄰)、員富里
【積穗、光復
國小自由學
區】
四、平河里1-3鄰
【積穗、中和
國小自由學
區】","調整備註","24"
"115","國小","中和區","復興國小","復興里、外南里、
中興里、吉興里、
和興里(1-3、15
-18、20、25、26、
29、31-41鄰)、
南山里(8、9鄰)、
景福里(1-34、
38-42鄰)、新
南里(26、27鄰)、
德行里(1-21、
38-41鄰)","一、德行里(22
-37、42鄰)
【復興、錦和
國小自由學
區】
二、景平里(1-
8、28-33鄰)
【復興、中
和、景新國小
自由學區】","","25"
"115","國小","中和區","秀山國小","秀山里、秀成里、
秀義里、秀福里、
秀景里、秀水里、
秀仁里、秀明里","一、景平里(9、
10、42、43
鄰)【秀山、
景新國小自
由學區】
二、永和區智光
里、民治里、
民權里【秀
山、永和區秀
朗國小自由
學區】","","25"
"115","國小","中和區","自強國小","清穗里、民享里、
民有里、明穗里、
自強里、冠穗里、
國華里、積穗里
(10、11、32、33
鄰)、瑞穗里(7
-18鄰)、德穗
里(8-25、30-
32鄰)","一、壽德里、明德
里【自強、板
橋區重慶國
小自由學區】
二、國光里(13
-22鄰)【自
強、板橋區實
踐國小自由
學區】
三、土城區平和
里、延壽里、
延祿里【自
強、土城區安
和國小自由
學區】","調整備註","25"
"115","國小","中和區","景新國小","景本里、景南里、
秀峰里、秀士里、
崇南里、興南里、
景平里(11-27、
34-41鄰)","一、景平里(9、
10、42、43
鄰)【景新、
秀山國小自
由學區】
二、景平里(1-
8、28-33
鄰)【景新、
中和、復興
國小自由學
區】","","26"
"115","國小","中和區","錦和國小","錦和里、錦中里、
錦昌里、錦盛里、
中正里、中山里、
仁和里、建和里、
力行里(11-15、
19-31、33鄰)、
碧河里(1-18、
20、21、23-27
鄰)、灰磘里(1
-6鄰)","一、灰磘里(7鄰)
【錦和、積穗
國小自由學
區】
二、德行里(22
-37、42鄰)
【錦和、復興
國小自由學
區】
三、碧河里(19、
22鄰)【錦
和、中和國小
自由學區】","","26"
"115","國小","中和區","光復國小","板橋區福壽里、居
仁里、富貴里、長
壽里、光復里、埔
墘里(1-17鄰)","一、中原里(9、
11、12、18
-20鄰)【光
復、中和、
積穗國小自
由學區】
二、中原里(7、
8、10、13、
14鄰)、員
富里【光
復、積穗國
小自由學
區】
三、中原里(1-
6、15-17、
21-24鄰)
【光復、中
和國小自由
學區】","◎106學年度前
(含106學年
度)開放為板
橋區、中和區
全區自由學
區。
◎107學年度
起，板橋區海
山、莒光、埔
調整備註
墘國小及板
橋區宏翠里
之學童仍可
就讀光復國
小，其餘板橋
區及中和區
之學童回歸
原學區就
讀。上述3校
及板橋區宏
翠里外之學
童，倘有兄姐
現就讀光復
國小，得提出
申請隨兄姐
就讀。
◎111學年度
起，取消中和
區積穗國小
學區內學童
至光復國小
就讀，倘有兄
姐現就讀光
復國小，得提
出申請隨兄
姐就讀。","26"
"115","國小","中和區","永和區永平國小","永和區前溪里、保
平里、保安里、協
和里、和平里、保
順里","一、福祥里、福美
里、佳和里(7
-29鄰)、
瓦磘里(1-
15、17-20、
23-26、28
-29鄰)【中
和國小、永和
區永平自由
學區】
二、永和區雙和里
【中和、永和
區永平、永和
國小自由學
區】
三、永和區安和
里、水源里
(1、7-21
鄰)【永和區
永和、永平國
小自由學區】
四、永和區中溪里
(13鄰)【永
和區頂溪、永
平國小自由
學區】
五、新生里(15
-18鄰)、
中溪里(1-
12、14-15、
19-20鄰)、
下溪里(9、
12-15鄰)、
大同里(10
-18鄰)【永
和區永平、頂
溪國小自由
學區】","調整備註","27"
"115","國小","中和區","永和區永和國小","一、安平里、中安
里、安和里、
安順里、安樂
里、宜安里
二、永和區永安
里、永樂里、
潭墘里、潭安
里、店街里、
大新里、福和
里、得和里、
水源里(2-6
鄰)、永貞里
(9-13鄰)","一、永和區雙和里
【中和國
小、永和區永
和、永平國小
自由學區】
二、永和區安和
里、水源里
(1、7-21
鄰)【永和區
永和、永平國
小自由學區】","調整備註","28"
"115","國小","中和區","板橋區海山國小","一、瑞穗里(1-6
鄰)、員山里
(11-22、25
-35、37-
42鄰)
二、板橋區民族
里、深丘里、
香丘里、海山
里、長安里、
東安里、福丘
里(8-19
鄰)、九如里
(12、13
鄰)、新民里
(1、10-25
鄰)","","","29"
"115","國小","中和區","板橋區實踐國小","一、民生里、國光
里(1-12、
23-39鄰)、
德穗里(1-
7、26-29鄰)
二、板橋區福祿
里、福德里(8
-25鄰)、
國泰里、後埔
里(14-17
鄰)、福丘里
(1-7鄰)","一、國光里(13
-22鄰)【自
強國小、板橋
區實踐國小
自由學區】
二、板橋區後埔里
(1-13鄰)
【板橋區實
踐國小、後埔
國小自由學
區】","◎板橋區後埔里
(14-17鄰)經
里辦公處證明後
請後埔國小考量
配合就讀。","29"
"115","國小","永和區","網溪國小","網溪里、光復里、
復興里、正興里、
中興里、永興里、
永福里、上林里、
福林里、竹林里、
桂林里、勵行里、
豫溪里、光明里、
永貞里(1-8、14
-20鄰)","河濱里【網溪、秀
朗國小自由學區】","","30"
"115","國小","永和區","頂溪國小","忠義里、永成里、
仁愛里、頂溪里、
後溪里、上溪里、
信義里、文化里、
新廍里、河堤里、
新生里(1-14
鄰)、中溪里(16
-18鄰)、下溪
里(1-8、10-11
鄰)、大同里(1
-9鄰)","一、中溪里(13
鄰)【頂溪、
永平國小自
由學區】
二、新生里(15
-18鄰)、
中溪里(1-
12、14-15、
19-20鄰)、
下溪里(9、
12-15鄰)、
大同里(10
-18鄰)【永
和區永平、頂
溪國小自由
學區】","","30"
"115","國小","永和區","秀朗國小","秀朗里、秀和里、
秀得里、秀林里、
秀成里、秀元里、
民族里、民生里、
民本里、民樂里、
民富里、永元里","一、智光里、民治
里、民權里
【秀朗、中和
區秀山國小
自由學區】
二、河濱里【秀
朗、網溪國小
自由學區】","調整備註","30"
"115","國小","永和區","永平國小","前溪里、保平里、
保安里、協和里、
和平里、保順里","一、雙和里【永
平、永和、中
和區中和國
小自由學區】
二、安和里、水源
里(1、7-21
鄰)【永平、
永和國小自
由學區】
三、中溪里(13
鄰)【永平、
頂溪國小自
由學區】
四、中和區福祥
里、福美里、
佳和里(7-
29鄰)、瓦
磘里(1-
15、17-20、
23-26、28
-29鄰)【永
平、中和區中
和國小自由
學區】
五、新生里(15
-18鄰)、
中溪里(1-
12、14-15、
19-20鄰)、
下溪里(9、
12-15鄰)、
大同里(10
-18鄰)【永
和區永平、頂
溪國小自由
學區】","調整備註","31"
"115","國小","永和區","永和國小","一、安平里、中安
里、安和里、
安順里、安樂
里、宜安里
二、永和區永安
里、永樂里、
潭墘里、潭安
里、店街里、
大新里、福和
里、得和里、
水源里(2-6
鄰)、永貞里
(9-13鄰)","一、永和區雙和里
【中和國
小、永和區永
和、永平國小
自由學區】
二、永和區安和
里、水源里
(1、7-21
鄰)【永和區
永和、永平國
小自由學區】","","32"
"115","國小","汐止區","汐止國小","仁德里、義民里、
禮門里、智慧里、
大同里、信望里、
江北里","一、復興里【汐
止、秀峰國小
自由學區】
二、白雲里(1-9
鄰)【汐止、
白雲、秀峰國
小自由學區】
三、八連里(1-4
鄰)【汐止、
北港國小自
由學區】","","33"
"115","國小","汐止區","秀峰國小","秀峰里、秀山里、
福安里","一、復興里【秀
峰、汐止國小
自由學區】
二、白雲里(1-9
鄰)【秀峰、
白雲、汐止國
小自由學區】
三、白雲里(10
-26鄰)【秀
峰、青山國中
小國小部自
由學區】
四、新昌里(15
-30鄰)【秀
峰、崇德國小
自由學區】","◎青山國中小國
小部學區內學
齡兒童(文化
里、自強里)，
兄姐已就讀秀
峰國小者，為方
便家長接送可
優先就讀秀峰
國小。","33"
"115","國小","汐止區","崇德國小","茄苳里、崇德里、
橋東里、建成里(1
-18鄰)、城中
里、新昌里(1-
14、31-35鄰)","一、新昌里(15
-30鄰)【崇
德、秀峰國小
自由學區】
二、建成里(19
-23鄰)【崇
德、長安國小
自由學區】","調整備註","33"
"115","國小","汐止區","北峰國小","中興里、福德里、
康福里、興福里、
環河里(6-10
鄰)、樟樹里(6
-8、10-11鄰)","樟樹里(9鄰)【北
峰、樟樹國小自由
學區】","","34"
"115","國小","汐止區","北港國小","拱北里、烘內里、
八連里(5-10鄰)","八連里(1-4鄰)
【北港、汐止國小
自由學區】","","34"
"115","國小","汐止區","長安國小","鄉長里、長安里、
保長里","建成里(19-23
鄰)【長安、崇德
國小自由學區】","","34"
"115","國小","汐止區","保長國小","保新里、保安里","","","34"
"115","國小","汐止區","白雲國小","橫科里、福山里","一、白雲里(1-9
鄰)【白雲、
汐止、秀峰國
小自由學區】
二、宜興里、東勢
里【白雲國
小、臺北市舊
莊、胡適國小
自由學區】
三、臺北市南港區
中研里、九如
里【白雲國小、
臺北市舊莊、胡
適、南港國小自
由學區】
四、臺北市南港區
舊莊里【白雲
國小、臺北市舊
莊國小自由學
區】
五、臺北市南港區
新富里【白雲
國小、臺北市
南港國小自
由學區】","一、開放為全市自
由學區。
二、舊莊里113年
於原舊莊里10鄰
上新增舊莊里36
鄰，維持原學區
(舊莊國小及白雲
國小共同學區)。
調整備註","34"
"115","國小","汐止區","東山國小","東山里","","開放為全市自由
學區。","35"
"115","國小","汐止區","樟樹國小","忠孝里、山光里、
厚德里、樟樹里(1
-5、12-14鄰)","樟樹里(9鄰)【樟
樹、北峰國小自由
學區】","","35"
"115","國小","汐止區","金龍國小","北峰里、金龍里、
湖光里、湖蓮里、
湖興里、北山里、
環河里(1-5鄰)","一、長青里【金龍
國小、臺北市
大湖國小自
由學區】
二、忠山里【金龍
國小、臺北市
東湖國小自
由學區】","","35"
"115","國小","汐止區","青山國中小國小部","文化里、自強里","白雲里(10-26
鄰)【青山國中小
國小部、秀峰國小
自由學區】","","35"
"115","國小","萬里區","萬里國小","萬里里、北基里、
龜吼里、中幅里","","","36"
"115","國小","萬里區","野柳國小","野柳里","","開放為全市自由
學區。","36"
"115","國小","萬里區","大鵬國小","大鵬里、磺潭里、
雙興里(9鄰)","","開放為全市自由
學區。","36"
"115","國小","萬里區","崁腳國小","崁腳里、溪底里(1
鄰)","","開放為全市自由
學區。","36"
"115","國小","萬里區","大坪國小","溪底里(1鄰除
外)、雙興里(9
鄰除外)","","開放為全市自由
學區。","36"
"115","國小","金山區","金山國小","三界里、和平里、
大同里、豐漁里、
磺港里、清泉里
(1、2鄰)、六
股里(1-5鄰)、
金美里(2、7、8、
10、14鄰)、美
田里(1-23鄰)","六股里6鄰因地
理環境特殊，限就
讀金山國小或三
和國小。","","37"
"115","國小","金山區","金美國小","五湖里、金美里
(1、3-6、9、11
-13、15-35
鄰)、美田里(24、
25鄰)","","","37"
"115","國小","金山區","三和國小","重和里、兩湖里、
六股里(7、8鄰)","六股里第6鄰因
地理環境特殊，限
就讀三和國小或
金山國小。","開放為全市自由
學區。","37"
"115","國小","金山區","中角國小","清泉里(3-10
鄰)、西湖里、萬
壽里、永興里","","開放為全市自由
學區。","37"
"115","國小","新店區","新店國小","新店里、國校里、
張南里、文中里、
廣明里、文明里、
中興里(15-18
鄰)、頂城里(1
-10鄰)、直潭
里(1-7鄰)、
塗潭里(1-3
鄰)、粗坑里(1、
2、3、9鄰)、太
平里","一、美城里【新
店、直潭國
小自由學
區】
二、青潭里(1-
2鄰)【新
店、青潭國
小自由學
區】","","38"
"115","國小","新店區","大豐國小","明德里、國豐里、
信義里、大豐里、
江陵里、大鵬里、
忠孝里、建國里、
百和里、大同里、
復興里、仁愛里
(13-19鄰)、
寶安里(14-39
鄰)","中山里、和平里
【大豐、中正國
小自由學區】","","38"
"115","國小","新店區","中正國小","新德里、中央里、
中正里、中華里、
福民里、百忍里、
百福里、新生里、
福德里","中山里、和平里
【中正、大豐國
小自由學區】","","38"
"115","國小","新店區","北新國小","五峰里、新安里、
忠誠里、寶興里、
張北里、寶福里、
中興里(1-14
鄰)、長春里、寶
安里(1-13鄰)、
仁愛里(1-12鄰)","美潭里(16-20
鄰)【北新、青
潭國小自由學
區】","","38"
"115","國小","新店區","安坑國小","下城里、公崙里、
德安里(1-17
鄰)、頂城里(11
-18鄰)、明城
里、安昌里、達觀
里、柴埕里(25
-27鄰除外)","一、柴埕里(25
-27鄰)
【安坑、新
和國小自
由學區】
二、德安里(18
-28鄰)
【安坑、達
觀國中小
國小部自
由學區】","◎自114學年度
調整備註
起，德安里(18
-28鄰)為【安
坑、達觀國中小
國小部自由學
區】","38"
"115","國小","新店區","新和國小","永安里、安和里、
新和里、永平里","柴埕里(25-27
鄰)【新和、安
坑國小自由學
區】","","39"
"115","國小","新店區","直潭國小","直潭里(8-22
鄰)、塗潭里(4
-11鄰)、華城
里","美城里【直潭、
新店國小自由學
區】","開放為全市自由學
區。","39"
"115","國小","新店區","青潭國小","青潭里(3-22
鄰)、美潭里(1
-15鄰)、員潭
里","一、青潭里(1-
2鄰)【青
潭、新店國
小自由學
區】
二、美潭里(16
-20鄰)【青
潭、北新國
小自由學
區】","","39"
"115","國小","新店區","屈尺國小","屈尺里、廣興里、
粗坑里(1、2、3、
9鄰除外)","","開放為全市自由學
區。","39"
"115","國小","新店區","龜山國小","龜山里","","開放為全市自由學
區。","39"
"115","國小","新店區","雙城國小","雙城里、日興里、
香坡里","玫瑰里、吉祥里
【雙城、達觀國
中小國小部自由
學區】","調整備註","39"
"115","國小","新店區","雙峰國小","雙坑里","","開放為全市自由學
區。","40"
"115","國小","新店區","達觀國中小國小部","小城里","一、玫瑰里、吉
祥里【雙
城、達觀國
中小國小部
自由學區】
二、德安里(18
-28鄰)【安
坑、達觀國
中小國小部
自由學區】","◎達觀里及明城
里自114學年
度起調整為可
經里辦公處證
明後請達觀國
中小國小部考
量配合就讀(達
觀里及明城里
各5名為限)。
◎自114學年度
起，德安里(18
-28鄰)為【安
坑、達觀國中小
國小部自由學
區】","40"
"115","國小","深坑區","深坑國小","全區","深坑區土庫里【深
坑、石碇區石碇、
和平國小自由學
區】","","41"
"115","國小","石碇區","石碇國小","石碇里、潭邊里、
烏塗里、彭山里、
豐田里(1-5鄰)","一、深坑區土庫
里(石碇、和
平、深坑區深
坑國小自由
學區)
二、豐田里(6-7
鄰)【永定、
石碇國小自
由學區】","開放為全市自由學
區。","42"
"115","國小","石碇區","永定國小","永定里、中民里、
光明里","豐田里(6-7鄰)
【永定、石碇國小
自由學區】","開放為全市自由學
區。","42"
"115","國小","石碇區","和平國小","隆盛里、豐林里","深坑區土庫里【和
平、石碇、深坑區
深坑國小自由學
區】","開放為全市自由學
區。","42"
"115","國小","石碇區","雲海國小","格頭里、永安里","","開放為全市自由學
區。","42"
"115","國小","坪林區","坪林國小","全區","","開放為全市自由
學區。","43"
"115","國小","烏來區","烏來國中小國小部","烏來里、忠治里、
孝義里、信賢里","","開放為全市自由
學區。","44"
"115","國小","瑞芳區","瑞柑國小","柑坪里","新峰里【瑞柑、瑞
芳國小自由學區】","開放為全市自由
學區。","45"
"115","國小","瑞芳區","瑞芳國小","龍興里、龍川里、
爪峰里、東和里、
龍潭里(9-13鄰)","一、新峰里【瑞
芳、瑞柑國小
自由學區】
二、龍鎮里(1-4
鄰)、龍安里
(10-11鄰)
【瑞芳、義方
國小自由學
區】
三、碩仁里【瑞
芳、猴硐國小
自由學區】
四、傑魚里(5-7
鄰)【瑞芳、
瑞亭國小自
由學區】","","45"
"115","國小","瑞芳區","義方國小","龍山里、龍潭里(1
-8鄰)、龍鎮里
(5-15鄰)、龍
安里(1-9鄰)","龍鎮里(1-4
鄰)、龍安里(10
-11鄰)【義方、
瑞芳國小自由學
區】","開放為全市自由
學區。","45"
"115","國小","瑞芳區","九份國小","福住里、崇文里、
基山里、頌德里、
永慶里","","開放為全市自由
學區。","45"
"115","國小","瑞芳區","瓜山國小","新山里、銅山里、
石山里、瓜山里","","開放為全市自由
學區。","45"
"115","國小","瑞芳區","濂洞國小","濂新里、濂洞里","","開放為全市自由
學區。","45"
"115","國小","瑞芳區","鼻頭國小","鼻頭里、南雅里","","開放為全市自由
調整備註
學區。","45"
"115","國小","瑞芳區","瑞濱國小","海濱里、瑞濱里、
深澳里","","開放為全市自由
學區。","46"
"115","國小","瑞芳區","吉慶國小","吉慶里、吉安里、
上天里(9-12鄰)","上天里(7-8鄰)
【吉慶、瑞亭國小
自由學區】","","46"
"115","國小","瑞芳區","瑞亭國小","傑魚里(1-4、8
-10鄰)、上天
里(1-6鄰)","一、上天里(7-8
鄰)【瑞亭、
吉慶國小自
由學區】
二、傑魚里(5-7
鄰)【瑞亭、
瑞芳國小自
由學區】","◎開放為全市自
由學區。","46"
"115","國小","雙溪區","雙溪國小","共和里、魚行里、
新基里、平林里、
雙溪里、泰平里、
三港里、牡丹里(1
-6、23-26鄰)","","開放為全市自由
學區。","47"
"115","國小","雙溪區","上林國小","上林里","","開放為全市自由
學區。","47"
"115","國小","雙溪區","柑林國小","外柑里、長源里","","開放為全市自由
學區。","47"
"115","國小","雙溪區","牡丹國小","牡丹里(7-22、
27-38鄰)、三
貂里","","開放為全市自由
學區。","47"
"115","國小","貢寮區","貢寮國小","貢寮里、雙玉里、
龍崗里、龍門里、
吉林里","","開放為全市自由
學區。","48"
"115","國小","貢寮區","和美國小","和美里","","開放為全市自由
學區。","48"
"115","國小","貢寮區","澳底國小","真理里、仁里里、
美豐里","","開放為全市自由
學區。","48"
"115","國小","貢寮區","福隆國小","福隆里","","開放為全市自由
學區。","48"
"115","國小","貢寮區","福連國小","福連里","","開放為全市自由
學區。","48"
"115","國小","平溪區","十分國小","望古里(3-8
鄰)、南山里、平
湖里、新寮里、十
分里","","開放為全市自由
學區。","49"
"115","國小","平溪區","平溪國小","石底里、平溪里、
嶺腳里、東勢里、
望古里(1-2鄰)","","開放為全市自由
學區。","49"
"115","國小","平溪區","菁桐國小","薯榔里、菁桐里、
白石里","","開放為全市自由
學區。","49"
"115","國小","淡水區","淡水國小","清文里、協元里、
長庚里、草東里、
永吉里、北投里
(12鄰)、中興
里(6-7、11
-17鄰)","一、新義里(1
-7鄰)
【淡水、
文化、新
興國小自
由學區】
二、中興里(1
-5、8-
10、18鄰)
【淡水、
鄧公國小
自由學
區】
三、北投里(5
-8鄰)
【淡水、
水源國小
自由學
區】
四、水碓里、
正德里、
北新里
(1、10
-16鄰)
【淡水、
文化國小
自由學
區】
五、北新里(2
-9、17
-20鄰)
【淡水、
文化、鄧
公國小自
由學區】
六、北投里(13
-15鄰)
【淡水、
水源、鄧
公國小自
由學區】
七、北投里
(4、9-
11、20-
22鄰)【淡
水、新市
國小自由
學區】","調整備註","50"
"115","國小","淡水區","鄧公國小","幸福里、鄧公
里、學府里","一、竿蓁里【鄧
公、竹
圍、坪頂
國小自由
學區】
二、北新里(2
-9、17
-20鄰)
【鄧公、
淡水、文
化國小自
由學區】
三、中興里(1
-5、8-
10、18鄰)
【鄧公、
淡水國小
自由學
區】
四、樹興里(9
-12鄰)
【鄧公、
坪頂國小
自由學
區】
五、北投里(13
-15鄰)
【鄧公、
淡水、水
源國小自
由學區】","調整備註","51"
"115","國小","淡水區","新興國小","新義里(8-14
鄰)、新興里、
新春里、新民
里(3-12鄰)","一、新義里(1
-7鄰)
【新興、
淡水、文
化國小自
由學區】
二、新民里(1
-2鄰)
【新興、
文化國小
自由學
區】
三、崁頂里(3
鄰)【新
興、新市
國小自由
學區】","因應115年7月1
日前實施之新北
市114年轄里鄰
編組調整案，原設
籍崁頂里3鄰(公
司田溪以南)之學
生，調整為新春里
13鄰後，至120
學年度調整過渡
期間可就讀新
市、新興國小。","52"
"115","國小","淡水區","文化國小","民安里、新生
里、文化里","一、水碓里、
正德里、
北新里
(1、10
-16鄰)
【文化、
淡水國小
自由學
區】
二、北新里(2
-9、17
-20鄰)
【文化、
淡水、鄧
公國小自
由學區】
三、新義里(1
-7鄰)
【文化、
淡水、新
興國小自
由學區】
四、新民里(1
-2鄰)
【文化、
新興國小
自由學
區】","調整備註","52"
"115","國小","淡水區","育英國小","埤島里(3-13
鄰)、新崁里
(15、19、21鄰)","一、新市里
(16-23
鄰)、埤
島里(1
-2鄰)
【育英、
新市國小
自由學
區】
二、忠山里(1
-2、7-8
鄰)【育
英、忠
山、興仁
國小自由
學區】
三、義山里(1
-3、9-
11鄰)【育
英、興仁
國小自由
學區】","◎崁頂里第1、
4、5、13鄰
於111年1月
3日通過鄰編
組調整，第1
鄰劃分為第1
鄰及第16
鄰；第4鄰劃
分為第4鄰
及第17鄰；
第5鄰劃分
為第5鄰、第
18鄰及第19
鄰；第13鄰
一、因應115年
7月1日前
實施之新北
市114年轄
里鄰編組調
整案，原設
籍崁頂里6
鄰之學生，
調整為新崁
里15-17鄰
後，至120
學年度調整
過渡期間可
就讀淡海、
調整備註
劃分為第13
鄰及第20
鄰。
◎崁頂里10鄰
(新市六路一
段以南)於崁
頂里分里調
整前，變更為
育英國小、淡
海國小自由
學區，作為過
渡方案。
育英國小。
二、原設籍崁頂
里17鄰之學
生，調整為
新崁里15鄰
後，至120
學年度調整
過渡期間可
就讀新市、
育英國小。","53"
"115","國小","淡水區","興仁國小","興仁里、賢孝
里(4-7鄰)、
義山里(4-
8、12-19
鄰)、蕃薯里
(7-10鄰)","一、忠山里(1
-2、7-8
鄰)【興
仁、忠
山、育英
國小自由
學區】
二、蕃薯里(5
-6鄰)
【興仁、
中泰國小
自由學
區】
三、義山里(1
-3、9-
11鄰)【興
仁、育英
國小自由
學區】","","54"
"115","國小","淡水區","新市國小","北投里(1-
3、16-19
鄰)、新市里
(1-10鄰)","一、新市里
(16-23
鄰)、埤
島里(1
-2鄰)
【新市、
育英國小
自由學
區】
二、北投里
(4、9-
11、20-
22鄰)
【新市、
淡水國小
自由學
區】
三、新市里
(11-15鄰)
【新市、淡
海國小
自由學
區】","一、102學年度招
生。
二、崁頂里第1、
4、5、13鄰
一、因應115年
7月1日前
實施之新北
市114年轄
調整備註
於111年1月
3日通過鄰編
組調整，第1
鄰劃分為第1
鄰及第16
鄰；第4鄰劃
分為第4鄰
及第17鄰；
第5鄰劃分
為第5鄰、第
18鄰及第19
鄰；第13鄰
劃分為第13
鄰及第20
鄰。
里鄰編組調
整案原設籍
崁頂里17鄰
之學生，調
整為新崁里
15鄰後，至
120學年度
調整過渡期
間可就讀新
市、育英國
小。
二、原設籍崁頂
里3鄰(公司
田溪以南)
之學生，調
整為新春里
13鄰後，至
120學年度
調整過渡期
間可就讀新
市、新興國
小。
調整備註","54"
"115","國小","淡水區","水源國小","水源里、忠寮
里(1-7、12
-13鄰)","一、北投里5
-8鄰【水
源、淡水
國小自由
學區】
二、樹興里(1
-2鄰)
【水源、
坪頂國小
自由學
區】
三、忠寮里(8
-9鄰)
【水源、
忠山國小
自由學
區】
四、北投里(13
-15鄰)
【水源、
淡水、鄧
公國小自
由學區】","開放為全市自
由學區。","56"
"115","國小","淡水區","坪頂國小","坪頂里、樹興
里(3-8鄰)","一、竿蓁里【坪
頂、鄧
公、竹圍
國小自由
學區】
二、樹興里(1
-2鄰)
【坪頂、
水源國小
自由學
區】
三、樹興里(9
-12鄰)
【坪頂、
鄧公國小
自由學
區】","114學年度起開放
為全市自由學區。
調整備註","56"
"115","國小","淡水區","屯山國小","屯山里、賢孝
里(1-3、8、
10-14鄰)","一、中和里(1
鄰)【屯
山、中泰
國小自由
學區】
二、三芝區後
厝里【屯
山、三芝
區三芝國
小自由學
區】","開放為全市自由
學區。","57"
"115","國小","淡水區","中泰國小","中和里(2-11
鄰)、賢孝里
(9鄰)、蕃
薯里(1-4鄰)","一、中和里(1
鄰)【中
泰、屯山
國小自由
學區】
二、蕃薯里(5
-6鄰)
【中泰、
興仁國小
自由學
區】","開放為全市自
由學區。","57"
"115","國小","淡水區","天生國小","油車里、沙崙
里(8鄰除
外)、大庄里","沙崙里8鄰
【天生、淡海
國小自由學
區】","","57"
"115","國小","淡水區","竹圍國小","民生里、竹圍
里、民權里、
八勢里","一、竿蓁里【竹
圍、鄧
公、坪頂
國小自由
學區】
二、福德里【竹圍
國小、竹圍國
小自強分
校、臺北市關
渡國小自由
學區】","調整備註","57"
"115","國小","淡水區","淡海國小","新崁里(1-14鄰、
16-18、20鄰)、
崁頂里(1-17鄰)","一、新市里
(11-15鄰)
【淡海、新市
國小自由
學區】
二、沙崙里8
鄰【淡海、
天生國小
自由學區】","◎112學年度開
始招生。
◎崁頂里10鄰
(新市六路一
段以南)於崁
頂里分里調
整前，變更為
育英國小、淡
海國小自由
學區，作為過
渡方案。
一、因應115年
7月1日前
實施之新北
市114年轄
里鄰編組調
整案，原設
籍崁頂里6
鄰之學生，
調整為新崁
里15-17鄰
後，至120
學年度調整
過渡期間可
就讀淡海、
育英國小。
二、原設籍崁頂
里7鄰之學
生，調整為
新崁里15鄰
後，至120
學年度調整
過渡期間可
就讀淡海國
小。","58"
"115","國小","石門區","石門國小","石門里、尖鹿里、
山溪里","","開放為全市自由
學區。","59"
"115","國小","石門區","乾華國小","茂林里、草里里、
乾華里","","開放為全市自由
學區。","59"
"115","國小","三芝區","三芝國小","八賢里、埔頭里、
埔坪里、古庄里、
新庄里、茂長里、
錫板里、福德里","一、後厝里【三
芝、淡水區屯
山國小自由
學區】
二、圓山里(1-5
鄰)【三芝、
興華國小自
由學區】","","60"
"115","國小","三芝區","興華國小","興華里、店子里","圓山里(1-5鄰)
【興華、三芝國小
自由學區】","開放為全市自由
學區。","60"
"115","國小","三芝區","橫山國小","橫山里、圓山里
(6、7鄰)","","開放為全市自由
學區。","60"
"115","國小","三重區","三重國小","崇德里、奕壽里、
介壽里、三安里、
龍門里、秀江里(1
-3、8-13鄰)、
長安里、大德里、
開元里、尚德里(1
-5、16、21-29
鄰)、安慶里(1
-6鄰)","一、安慶里有兄姐
在修德國小
就讀者，可選
擇修德國小
就讀。
二、雙園里【三
重、正義國小
自由學區】
三、秀江里(4-
7、14、15鄰)
【三重、光榮
國小自由學
區】
四、瑞德里【三
重、光榮國小
自由學區】","","61"
"115","國小","三重區","興穀國小","五谷里、谷王里、
德厚里","中興里、頂崁里
(即中興北街臨
近新莊區化成路)
【興穀、新莊區頭
前國小自由學區】","開放為三重區全
區自由學區。","61"
"115","國小","三重區","正義國小","正安里、正義里、
正德里、重新里、
光華里、中央里、
文化里、錦安里、
錦通里、長生里、
大園里","一、雙園里【正
義、三重國小
自由學區】
二、中山里、自強
里【正義、修
德國小自由
學區】","","61"
"115","國小","三重區","二重國小","大有里、博愛里、
二重里、田心里、
福田里、光田里、
光陽里、田安里
(中華路以西部
分16-24、33-
42鄰)","","調整備註","61"
"115","國小","三重區","重陽國小","田中里、三民里、
六福里、永發里、
田安里(中華路以
東部分1-15、25
-32鄰)","一、培德里(17
-24鄰)【重
陽、厚德國小
自由學區】
二、錦田里【重
陽、修德國小
自由學區】","","62"
"115","國小","三重區","厚德國小","福安里、厚德里、
維德里、尚德里(6
-15、17-20
鄰)、信安里、永
德里、立德里、
永煇里、六合里(1
-10鄰)、培德
里(1-16鄰)","一、培德里(17
-24鄰)【厚
德、重陽國小
自由學區】
二、六合里(11
-25鄰)【厚
德、修德國小
自由學區】，
六合里(1-
10鄰)有兄
姊在修德國
小就讀者，可
選擇修德國
小就讀。
三、永吉里【厚
德、永福國小
自由學區】
四、永盛里、永
安里【厚德、
永福、碧華國
小自由學區】
五、福隆里【碧
華、永福、厚
德國小自由
學區】","","62"
"115","國小","三重區","永福國小","永福里、永清里、
永順里、永豐里","一、永吉里【永
福、厚德國小
自由學區】
二、永盛里、永安
里【永福、
厚德、碧華國
小自由學區】
三、福隆里【碧
華、永福、厚
德國小自由
學區】
四、福樂里【碧
華、永福國小
自由學區】","調整備註","62"
"115","國小","三重區","碧華國小","碧華里、慈化里、
慈祐里、富福里、
慈生里、慈惠里、
慈愛里、溪美里、
慈福里、仁華里","一、永盛里、永安
里、福隆里
【碧華、厚
德、永福國小
自由學區】
二、福樂里【碧
華、永福國小
自由學區】","","63"
"115","國小","三重區","光榮國小","龍濱里、錦江里、
長江里、長福里、
承德里、順德里、
萬壽里、長泰里、
長元里","一、瑞德里【光
榮、三重國小
自由學區】
二、秀江里(4-
7、14、15鄰)
【光榮、三重
國小自由學
區】","","63"
"115","國小","三重區","五華國小","富貴里、富華里、
五華里、仁忠里、
五常里、五福里、
五順里","","","63"
"115","國小","三重區","修德國小","幸福里、重陽里、
國隆里、民生里、
安慶里(7-16鄰)","一、中山里、自強
里【修德、正
義國小自由
學區】
二、錦田里【修
德、重陽國小
自由學區】
三、六合里(11
-25鄰)【修
德、厚德國小
自由學區】，
六合里(1-
10鄰)有兄
姊在修德國
小就讀者，可
選擇修德國
小就讀。
四、過田里【修
德、集美國小
自由學區】
五、安慶里有兄姊
在修德國小
就讀者，可選
擇修德國小
就讀。","調整備註","63"
"115","國小","三重區","光興國小","仁德里、光榮里、
光輝里、福星里、
福利里、永興里、
清和里、忠孝里、
仁義里、同慶里","光正里、中正里
【集美、三光、光
興國小自由學區】","◎111學年度起
取消三重區
全區自由學
區，倘有兄姐
現就讀光興
國小，得提出
申請隨兄姐
就讀。","64"
"115","國小","三重區","三光國小","同安里、大同里、
平和里、中民里、
大安里、吉利里、
光明里(1-3鄰)","一、菜寮里、永春
里【三光、集
美國小自由學
區】
二、光正里、中正
里【集美、三
光、光興國小
自由學區】","開放為三重區全
區自由學區。
調整備註","64"
"115","國小","三重區","集美國小","成功里、福德里、
福民里、光明里(4
-30鄰)、重明
里、福祉里","一、過田里【集
美、修德國小
自由學區】
二、菜寮里、永春
里【集美、三
光國小自由
學區】
三、光正里、中正
里【集美、三
光、光興國小
自由學區】","","65"
"115","國小","蘆洲區","成功國小","成功里、忠義里、
長安里、延平里、
九芎里、永康里、
永德里","一、永安里【成
功、蘆洲國小
自由學區】
二、永樂里(20
-27鄰)、正
義里(7、15
-17鄰)【成
功、忠義國小
自由學區】","","66"
"115","國小","蘆洲區","蘆洲國小","中原里(9-24
鄰)、光明里(15
鄰除外)、保和
里、仁復里、得勝
里、光華里、中華
里、中路里、得仁
里、樹德里、民和
里","一、永安里【蘆
洲、成功國小
自由學區】
二、溪墘里(13
-15鄰)【蘆
洲、鷺江國小
自由學區】
三、保佑里、光明
里(15鄰)【蘆
洲、忠義國小
自由學區】","","66"
"115","國小","蘆洲區","鷺江國小","樓厝里、玉清里、
信義里、福安里、
仁德里、仁義里、
恆德里、鷺江里、
溪墘里(1-12鄰)","溪墘里(13-15
鄰)【鷺江、蘆洲
國小自由學區】","","66"
"115","國小","蘆洲區","仁愛國小","保新里(1-8
鄰)、水河里、水
湳里、忠孝里、仁
愛里、復興里","","","66"
"115","國小","蘆洲區","忠義國小","南港里、永樂里(1
-19鄰)、正義
里(除7、15
-17鄰)、中原
里(1-8、25-29
鄰)、保新里(9
-12鄰)","一、保佑里、光明
里(15鄰)【忠
義、蘆洲國小
自由學區】
二、永樂里(20
-27鄰)、正
義里(7、15
-17鄰)【忠
義、成功國小
自由學區】","調整備註","66"
"115","國小","新莊區","新莊國小","立人里、思源里
(1、4、20鄰)、
文衡里(1、4-8、
10-16鄰)、文
聖里(2-17鄰)、
興漢里、榮和里、
文德里、文明里、
恆安里、立德里(1
-8鄰)","一、中美里、思賢
里(2鄰)、
思源里(3、19
鄰)【新莊、
思賢國小自
由學區】
二、文衡里(2-
3、9鄰)【新
莊、豐年國小
自由學區】
三、文聖里(1、
18-29鄰)
【新莊、新泰
國小自由學
區】","","68"
"115","國小","新莊區","中港國小","中泰里、立志里、
立基里、立廷里
(16、19-40鄰
除外)、中宏里、
中全里、立功里、
中和里、中港里(8
-10鄰)、中誠
里(1-4、6-15
鄰)","中港里(11-14、
21-25鄰)、中
誠里(5鄰)【中
港、榮富國小自由
學區】","","68"
"115","國小","新莊區","榮富國小","中信里、中平里、
中港里(1-7、15
-20、26-28鄰)","一、中港里(11
-14、21-25
鄰、中誠里5
鄰)【榮富、
中港國小自
由學區】
二、中隆里(1-
20鄰)、立
廷里(16、19
-40鄰)【榮
富、中信國小
自由學區】","調整備註","68"
"115","國小","新莊區","中信國小","中原里、中隆里
(21-27鄰)","中隆里(1-20
鄰)、立廷里(16、
19-40鄰)【中
信、榮富國小自由
學區】","◎111學年度起
取消新莊區
全區自由學
區，倘有兄姐
現就讀中信
國小，得提出
申請隨兄姐
就讀。","69"
"115","國小","新莊區","思賢國小","仁義里、自信里、
思源里(2、5-
18、21-22鄰)、
思賢里(2鄰除
外)、仁愛里、自
強里、自立里、中
華里","中美里、思賢里(2
鄰)、思源里(3、
19鄰)【思賢、新
莊國小自由學區】","","69"
"115","國小","新莊區","昌隆國小","昌明里(1-4、9
-11、14、16-17
鄰)、昌信里(1
-3、7鄰)、和
平里1-14鄰)、
信義里、昌隆里、
幸福里","昌明里(5-8、
12、13、15、18
鄰)、昌信里(4
-6鄰)、和平里
15-21鄰)【昌
隆、昌平國小自由
學區】","","69"
"115","國小","新莊區","昌平國小","昌平里(8-21
鄰)、昌信里(8
-17鄰)","一、昌明里(5-
8、12、13、
15、18鄰)、
昌信里(4-6
鄰)【昌平、
昌隆國小自
由學區】
二、昌平里(1-7
鄰)【昌平、
興化國小自
由學區】
三、和平里15-
21鄰)【昌
平、昌隆國小
自由學區】","◎104學年度前
(含104學年
度)開放為新
莊區全區自
由學區。
◎105學年度排
除新莊、國
泰、新泰、裕
民、丹鳳、民
安、豐年、光
調整備註
華及興化9
校學區，不納
入昌平國小
自由學區範
圍。
◎106學年度排
除中港、思
賢、榮富、中
信4校，不納
入昌平國小
自由學區範
圍。
◎107學年度排
除昌隆、頭前
國小學區，不
再納入昌平
國小自由學
區範圍。
◎有兄姊現就
讀昌平國小
且其弟妹欲
隨兄姐就讀
則不受上述
限制。","69"
"115","國小","新莊區","興化國小","福基里(10-17
鄰)、福興里","一、昌平里(1-7
鄰)【興化、
昌平國小自
由學區】
二、五股區興珍里
(33-37鄰)
【興化、五股
區更寮國小
自由學區】","","70"
"115","國小","新莊區","頭前國小","化成里、頭前里、
福基里(1-9鄰)","三重區中興里、頂
崁里(即中興北街
臨近本區化成路)
【頭前、三重區興
穀國小自由學區】","調整備註","70"
"115","國小","新莊區","國泰國小","忠孝里(1-6、
11、12、14、15、
18、20、22、25、
26鄰)、國泰里
(10鄰)、海山
里(19-24鄰)、
福營里、營盤里","一、泰山區貴賢里
(9-14鄰)
【國泰、泰山
區明志國小
自由學區】
二、泰山區義仁里
(30-39鄰)
【新泰、國
泰、泰山區義
學國小自由
學區】","開放為新莊區全
區自由學區。","71"
"115","國小","新莊區","新泰國小","立德里(9-17
鄰)、全泰里、立
言里、立泰里、忠
孝里(7-10、13、
16、17、19、21、
23、24、27-29
鄰)","一、文聖里(1、
18-29鄰)
【新泰、新莊
國小自由學
區】
二、泰山區義仁里
(30-39鄰)
【新泰、國
泰、泰山區義
學國小自由
學區】","","71"
"115","國小","新莊區","裕民國小","四維里(16-18
鄰)、裕民里、萬
安里、龍安里、南
港里、富國里","一、龍鳳里、龍福
里【裕民、丹
鳳國小自由
學區】。
二、富民里【裕
民、民安、丹
鳳國小自由
學區】
三、四維里(19
-22鄰)【裕
民、光華國小
自由學區】
四、三龍里16鄰
【裕民、樹林
區三多國小
之自由學區】","◎111學年度
起，三龍里
16鄰調整為
裕民國小與
樹林區三多
國小之自由
學區。
調整備註","71"
"115","國小","新莊區","丹鳳國小","丹鳳里、合鳳里、
祥鳳里、雙鳳里","一、龍鳳里、龍福
里【丹鳳、裕
民國小自由
學區】
二、富民里【丹
鳳、民安、裕
民國小自由
學區】
三、泰山區貴和里
(33-38鄰)
【丹鳳、泰山
區明志國小
國小自由學
區】","","72"
"115","國小","新莊區","民安國小","民安里(1-16、
19-22鄰)、四
維里(1-15鄰)、
成德里(1-4、9
-11鄰)、後港
里、八德里、民有
里(1、10-14、
16、17鄰)、後
德里、建福里、民
全里、民本里、西
盛里(1-5、19、
22鄰)、建安里
(1-32鄰)","一、瓊林里(13
-20鄰)、
建安里(33、
34鄰)【民
安、豐年國小
自由學區】
二、成德里(5-
8、12-23
鄰)、民有里
(2-9、15、
18-20鄰)、
民安里(28、
29鄰)【民
安、光華國小
自由學區】
三、富民里【民
安、丹鳳、裕
民國小自由
學區】","調整備註","72"
"115","國小","新莊區","豐年國小","全安里、瓊林里(1
-12鄰)、海山
里(1-18鄰)、
國泰里(1-9、11
-16鄰)、豐年
里、泰豐里","一、瓊林里(13
-20鄰)、建
安里(33、34
鄰)【豐年、
民安國小自
由學區】
二、文衡里(2、3、
9鄰)【豐年、
新莊國小自
由學區】","","73"
"115","國小","新莊區","光華國小","光華里、光明里、
民安里(17、18、
23-27、30-33
鄰)、光和里、光
正里、光榮里、西
盛里(6-11、13、
20、21、23、24
鄰)","一、成德里(5-
8、12-23
鄰)、民有里
(2-9、15、
18-20鄰)、
民安里(28、
29鄰)【光
華、民安國小
自由學區】
二、西盛里(12
鄰)【光華、
樹林區文林
國小自由學
區】
三、四維里(19
-22鄰)【光
華、裕民國小
自由學區】","","73"
"115","國小","泰山區","泰山國小","大科里(1-6、9
-12鄰)、
黎明里(2-14、
16-17)、山腳里、
福泰里、楓樹里、
福興里(1-18鄰)","一、全興里(1-7
鄰)、同興里
(1-12鄰)
【泰山、義
學、同榮國小
自由學區】
二、同榮里(1-
16、30鄰)【泰
山、同榮國小
自由學區】
三、福興里(19
-25鄰)【泰
山、義學國小
自由學區】
四、大科里(7-8
鄰)【泰山、
林口區麗園
國小自由學
區】
五、黎明里1、15
鄰【泰山、五
股區德音國
小自由學區】","","74"
"115","國小","泰山區","明志國小","明志里、新明里、
泰友里、貴子里、
貴和里(1-32、
39-42鄰)、貴
賢里(1-8、15
-27鄰)、大科
里(13-16鄰)","一、義仁里(21
-29鄰)【明
志、義學國小
自由學區】
二、貴和里(33
-38鄰)【明
志、新莊區丹
鳳國小自由
學區】
三、貴賢里(9-
14鄰)【明
志、新莊區國
泰國小自由
學區】","","74"
"115","國小","泰山區","同榮國小","同榮里(17-29
鄰)、義學里","一、全興里(1-7
鄰)、同興里
(1-12鄰)
【同榮、義
學、泰山國小
自由學區】
二、同榮里(1-
16、30鄰)【同
榮、泰山國小
自由學區】
三、同興里(13
-24鄰)【同
榮、義學國小
自由學區】","","75"
"115","國小","泰山區","義學國小","義仁里(1-20
鄰)、全興里(8
-25鄰)","一、全興里(1-7
鄰)、同興里
(1-12鄰)
【義學、泰
山、同榮國小
自由學區】
二、福興里(19
-25鄰)【義
學、泰山國小
自由學區】
三、同興里(13
-24鄰)【義
學、同榮國小
自由學區】
四、義仁里(21
-29鄰)【義
學、明志國小
自由學區】
五、義仁里(30
-39鄰)【義
學、新莊區新
泰、國泰國小
自由學區】","","75"
"115","國小","五股區","五股國小","五龍里、陸一里、
五股里、民義里、
六福里、五福里、
更寮里中興路三
段所屬","一、德音里(1-
22鄰)【五
股、德音國小
自由學區】
二、成功里、成泰
里、芳洲里
【五股、成州
國小自由學
區】","因應115年7月1
日前實施之新北
市114年轄里鄰
編組調整案，五
股、成州國小自由
學區調整為成功
里、成泰里、芳洲
里。","77"
"115","國小","五股區","德音國小","德音里(23-30
鄰)、水碓里、德
泰里、福德里、貿
商里","一、德音里(1-
22鄰)【德
音、五股國小
自由學區】
二、黎明里1、15
鄰【泰山、德
音國小自由
學區】","","77"
"115","國小","五股區","成州國小","觀音里、集福里、
集賢里、成州里、
成德里","成功里、成泰里、
芳洲里【成州、五
股國小自由學區】","因應115年7月1
日前實施之新北
市114年轄里鄰
編組調整案，五
股、成州國小自由
學區調整為成功
里、成泰里、芳洲
里。","77"
"115","國小","五股區","更寮國小","更寮里、興珍里
(1-32鄰、38-40
鄰)","興珍里(33-37
鄰)【更寮、新莊
區興化國小自由
學區】","開放全市自由學
區。","77"
"115","國小","八里區","八里國小","頂罟里(8-13
鄰)、舊城里、訊
塘里、荖阡里","下罟里【八里、長
坑國小自由學區】","","78"
"115","國小","八里區","長坑國小","長坑里","下罟里【長坑、八
里國小自由學區】","開放為全市自由
學區。","78"
"115","國小","八里區","米倉國小","龍源里、米倉里(1
-20鄰)","","開放為全市自由
學區。","78"
"115","國小","八里區","大崁國小","米倉里(21-24
鄰)、大崁里、埤
頭里、頂罟里(1
-7鄰)","","","78"
"115","國小","林口區","林口國小","東林里、林口里、
中湖里、湖北里、
菁湖里、西林里(1
-10、12-13鄰、
26鄰)","一、瑞平里(1-4
鄰)、太平里
(1-5鄰)
【林口、瑞平
國小自由學
區】
二、西林里27-
35鄰【麗園、
林口、東湖國
小自由學區】","","79"
"115","國小","林口區","麗園國小","東勢里、麗園里","一、泰山區大科
里(7-8鄰)
【麗園、泰山
區泰山國小
自由學區】
二、西林里27-
35鄰【麗園、
林口、東湖國
小自由學區】
三、仁愛里
(13-28鄰)
【麗園、麗林
國小自由學
區】","","79"
"115","國小","林口區","麗林國小","麗林里、仁愛里
(13-28鄰除外)","仁愛里(13-28鄰)
【麗林、麗園國小
自由學區】","","79"
"115","國小","林口區","南勢國小","南勢里(1~16
鄰)、新林里(1-3
鄰)、頂福里(1
-4、13-14、16
-17、19-20鄰)","一、頂福里(7、
18鄰)【南
勢、嘉寶國小
自由學區】
二、力行里4-25
鄰【南勢、新
林國小自由
學區】
三、力行里1-3
鄰【新林、南
勢、東湖國小
自由學區】","因應115年7月1
日前實施之新北
市114年轄里鄰
編組調整案，南勢
國小之基本學區
調整為南勢里
(1-16鄰)、新
林里(1-3鄰)、頂
福里(1-4、13
-14、16-17、19
-20鄰)，自由
學區調整為頂福
里(7、18鄰)、
力行里1-25鄰。","79"
"115","國小","林口區","興福國小","下福里、嘉寶里(6
-7鄰)、頂福里
(8-12、15鄰)","","開放為全市自由
學區。","80"
"115","國小","林口區","嘉寶國小","嘉寶里(6、7鄰
除外)、頂福里(5
-6鄰)","頂福里(7、18鄰)
【嘉寶、南勢國小
自由學區】","開放為全市自由
學區。","80"
"115","國小","林口區","瑞平國小","瑞平里(5-10
鄰)、太平里(6
-15鄰)","瑞平里(1-4
鄰)、太平里(1
-5鄰)【瑞平、
林口國小自由學
區】","開放為全市自由
學區。","80"
"115","國小","林口區","頭湖國小","湖南里1~17鄰、
頭湖1~13鄰","湖南里18-22
鄰、文湖里1-12
鄰【頭湖、東湖國
小自由學區】","因應115年7月1
日前實施之新北
市114年轄里鄰
編組調整案，頭湖
國小之基本學區
調整為湖南里
1-17鄰、頭湖
1-13鄰，自由學
區調整為湖南里
18-22鄰、文湖里
1-12鄰。","80"
"115","國小","林口區","新林國小","新林里(4~23鄰)","一、力行里4-25
鄰【南勢、新
林國小自由
學區】
二、力行里1-3
鄰【新林、南
勢、東湖國小
自由學區】","107學年度開始招
生。
因應115年7月1
日前實施之新北
市114年轄里鄰
編組調整案，新林
國小之基本學區
整為新林里(4-23
鄰)，自由學區調
整為力行里1-25
鄰。","80"
"115","國小","林口區","東湖國小","西林里(11、14-
25、36-37鄰)、
文湖里13-30鄰","一、西林里(27-
35鄰)【麗
園、林口、東
湖國小自由
學區】
二、湖南里
(18-22鄰)、
文湖里1-12
鄰【頭湖、東
湖國小自由
學區】
三、力行里1~3
鄰【新林、南
勢、東湖國小
自由學區】","111學年度開始招
生。
因應115年7月1
日前實施之新北
市114年轄里鄰
編組調整案，東湖
國小之基本學區
調整為西林里
(11、14-25、36
-37鄰)、文湖里
13-30鄰，自由學
區調整為西林里
(27-35鄰)、湖
南里(18-22鄰)、
文湖里1-12鄰、
力行里1-3鄰。","81"
